[19:52:36] main.c:143> HRCMP 1778615553 71
[19:52:37] main.c:143> HRCMP 1778615554 70
[19:52:38] main.c:143> HRCMP 1778615555 70
[19:52:39] main.c:143> HRCMP 1778615556 70
[pebble-logs-loop] started 2026-05-12T15:52:39-04:00 — streaming from --phone 127.0.0.1 → /tmp/pebble.log
[pebble-logs-loop] Ctrl-C to stop
[pebble-logs-loop] --- connecting at 2026-05-12T15:52:39-04:00 ---
[19:52:40] main.c:143> HRCMP 1778615557 70
[19:52:40] main.c:143> HRCMP 1778615557 70
[19:52:41] main.c:143> HRCMP 1778615558 69
[19:52:41] main.c:143> HRCMP 1778615558 69
[19:52:42] main.c:143> HRCMP 1778615559 69
[19:52:42] main.c:143> HRCMP 1778615559 69
[19:52:43] main.c:143> HRCMP 1778615560 69
[19:52:43] main.c:143> HRCMP 1778615560 69
[19:52:44] main.c:143> HRCMP 1778615561 69
[19:52:44] main.c:143> HRCMP 1778615561 69
[19:52:45] main.c:143> HRCMP 1778615562 69
[19:52:45] main.c:143> HRCMP 1778615562 69
[19:52:46] main.c:143> HRCMP 1778615563 69
[19:52:46] main.c:143> HRCMP 1778615563 69
[19:52:47] main.c:143> HRCMP 1778615564 69
[19:52:47] main.c:143> HRCMP 1778615564 69
[19:52:48] main.c:143> HRCMP 1778615565 69
[19:52:48] main.c:143> HRCMP 1778615565 69
[19:52:49] main.c:143> HRCMP 1778615566 69
[19:52:49] main.c:143> HRCMP 1778615566 69
[19:52:50] main.c:143> HRCMP 1778615567 69
[19:52:50] main.c:143> HRCMP 1778615567 69
[19:52:51] main.c:143> HRCMP 1778615568 68
[19:52:51] main.c:143> HRCMP 1778615568 68
[19:52:52] main.c:143> HRCMP 1778615569 68
[19:52:52] main.c:143> HRCMP 1778615569 68
[19:52:54] main.c:143> HRCMP 1778615570 68
[19:52:54] main.c:143> HRCMP 1778615570 68
[19:52:54] main.c:143> HRCMP 1778615571 68
[19:52:54] main.c:143> HRCMP 1778615571 68
[19:52:55] main.c:143> HRCMP 1778615572 67
[19:52:55] main.c:143> HRCMP 1778615572 67
[19:52:57] main.c:143> HRCMP 1778615573 68
[19:52:57] main.c:143> HRCMP 1778615573 68
[19:52:57] main.c:143> HRCMP 1778615574 68
[19:52:57] main.c:143> HRCMP 1778615574 68
[19:52:58] main.c:143> HRCMP 1778615575 68
[19:52:58] main.c:143> HRCMP 1778615575 68
[19:52:59] main.c:143> HRCMP 1778615576 69
[19:52:59] main.c:143> HRCMP 1778615576 69
[19:53:00] main.c:143> HRCMP 1778615577 68
[19:53:00] main.c:143> HRCMP 1778615577 68
[19:53:01] main.c:143> HRCMP 1778615578 70
[19:53:01] main.c:143> HRCMP 1778615578 70
[19:53:02] main.c:143> HRCMP 1778615579 70
[19:53:02] main.c:143> HRCMP 1778615579 70
[19:53:03] main.c:143> HRCMP 1778615580 71
[19:53:03] main.c:143> HRCMP 1778615580 71
[19:53:03] main.c:143> HRCMP 1778615580 71
[19:53:03] main.c:143> HRCMP 1778615580 71
[19:53:03] main.c:143> HRCMP 1778615580 71
[19:53:03] main.c:143> HRCMP 1778615580 71
[19:53:03] pkjs> Glance:107:12) [glance] sent {"WEATHER_TEMP":72,"WEATHER_COND":"Rain"}
[19:53:04] pkjs> Glance:107:12) [glance] sent {"CAL_TITLE":"SQP","CAL_TIME":"10:00a"}
[19:53:05] main.c:143> HRCMP 1778615581 71
[19:53:05] main.c:143> HRCMP 1778615581 71
[19:53:05] main.c:143> HRCMP 1778615582 71
[19:53:05] main.c:143> HRCMP 1778615582 71
[19:53:06] main.c:143> HRCMP 1778615583 70
[19:53:06] main.c:143> HRCMP 1778615583 70
[19:53:07] main.c:143> HRCMP 1778615584 70
[19:53:07] main.c:143> HRCMP 1778615584 70
[19:53:08] main.c:143> HRCMP 1778615585 70
[19:53:08] main.c:143> HRCMP 1778615585 70
[19:53:09] main.c:143> HRCMP 1778615586 70
[19:53:09] main.c:143> HRCMP 1778615586 70
[19:53:10] main.c:143> HRCMP 1778615587 71
[19:53:10] main.c:143> HRCMP 1778615587 71
[19:53:11] main.c:143> HRCMP 1778615588 71
[19:53:11] main.c:143> HRCMP 1778615588 71
[19:53:12] main.c:143> HRCMP 1778615589 72
[19:53:12] main.c:143> HRCMP 1778615589 72
[19:53:13] main.c:143> HRCMP 1778615590 72
[19:53:13] main.c:143> HRCMP 1778615590 72
[19:53:14] main.c:143> HRCMP 1778615591 73
[19:53:14] main.c:143> HRCMP 1778615591 73
[19:53:15] main.c:143> HRCMP 1778615592 73
[19:53:15] main.c:143> HRCMP 1778615592 73
[19:53:16] main.c:143> HRCMP 1778615593 72
[19:53:16] main.c:143> HRCMP 1778615593 72
[19:53:17] main.c:143> HRCMP 1778615594 72
[19:53:17] main.c:143> HRCMP 1778615594 72
[19:53:18] main.c:143> HRCMP 1778615595 72
[19:53:18] main.c:143> HRCMP 1778615595 72
[19:53:19] main.c:143> HRCMP 1778615596 72
[19:53:19] main.c:143> HRCMP 1778615596 72
[19:53:20] main.c:143> HRCMP 1778615597 72
[19:53:20] main.c:143> HRCMP 1778615597 72
[19:53:21] main.c:143> HRCMP 1778615598 71
[19:53:21] main.c:143> HRCMP 1778615598 71
[19:53:22] main.c:143> HRCMP 1778615599 70
[19:53:22] main.c:143> HRCMP 1778615599 70
[19:53:23] main.c:143> HRCMP 1778615600 70
[19:53:23] main.c:143> HRCMP 1778615600 70
[19:53:25] main.c:143> HRCMP 1778615601 70
[19:53:25] main.c:143> HRCMP 1778615601 70
[19:53:25] main.c:143> HRCMP 1778615602 70
[19:53:25] main.c:143> HRCMP 1778615602 70
[19:53:26] main.c:143> HRCMP 1778615603 70
[19:53:26] main.c:143> HRCMP 1778615603 70
[19:53:27] main.c:143> HRCMP 1778615604 70
[19:53:27] main.c:143> HRCMP 1778615604 70
[19:53:28] main.c:143> HRCMP 1778615605 70
[19:53:28] main.c:143> HRCMP 1778615605 70
[19:53:29] main.c:143> HRCMP 1778615606 70
[19:53:29] main.c:143> HRCMP 1778615606 70
[19:53:30] main.c:143> HRCMP 1778615607 72
[19:53:30] main.c:143> HRCMP 1778615607 72
[19:53:31] main.c:143> HRCMP 1778615608 73
[19:53:31] main.c:143> HRCMP 1778615608 73
[19:53:33] main.c:143> HRCMP 1778615609 74
[19:53:33] main.c:143> HRCMP 1778615609 74
[19:53:33] main.c:143> HRCMP 1778615610 74
[19:53:33] main.c:143> HRCMP 1778615610 74
[19:53:34] main.c:143> HRCMP 1778615611 74
[19:53:34] main.c:143> HRCMP 1778615611 74
[19:53:35] main.c:143> HRCMP 1778615612 73
[19:53:35] main.c:143> HRCMP 1778615612 73
[19:53:36] main.c:143> HRCMP 1778615613 74
[19:53:36] main.c:143> HRCMP 1778615613 74
[19:53:37] main.c:143> HRCMP 1778615614 73
[19:53:37] main.c:143> HRCMP 1778615614 73
[19:53:38] main.c:143> HRCMP 1778615615 74
[19:53:38] main.c:143> HRCMP 1778615615 74
[19:53:39] main.c:143> HRCMP 1778615616 74
[19:53:39] main.c:143> HRCMP 1778615616 74
[19:53:40] main.c:143> HRCMP 1778615617 74
[19:53:40] main.c:143> HRCMP 1778615617 74
[19:53:41] main.c:143> HRCMP 1778615618 73
[19:53:41] main.c:143> HRCMP 1778615618 73
[19:53:42] main.c:143> HRCMP 1778615619 73
[19:53:42] main.c:143> HRCMP 1778615619 73
[19:53:43] main.c:143> HRCMP 1778615620 72
[19:53:43] main.c:143> HRCMP 1778615620 72
[19:53:44] main.c:143> HRCMP 1778615621 71
[19:53:44] main.c:143> HRCMP 1778615621 71
[19:53:45] main.c:143> HRCMP 1778615622 71
[19:53:45] main.c:143> HRCMP 1778615622 71
[19:53:46] main.c:143> HRCMP 1778615623 71
[19:53:46] main.c:143> HRCMP 1778615623 71
[19:53:47] main.c:143> HRCMP 1778615624 71
[19:53:47] main.c:143> HRCMP 1778615624 71
[19:53:48] main.c:143> HRCMP 1778615625 71
[19:53:48] main.c:143> HRCMP 1778615625 71
[19:53:49] main.c:143> HRCMP 1778615626 71
[19:53:49] main.c:143> HRCMP 1778615626 71
[19:53:50] main.c:143> HRCMP 1778615627 70
[19:53:50] main.c:143> HRCMP 1778615627 70
[19:53:51] main.c:143> HRCMP 1778615628 71
[19:53:51] main.c:143> HRCMP 1778615628 71
[19:53:52] main.c:143> HRCMP 1778615629 71
[19:53:52] main.c:143> HRCMP 1778615629 71
[19:53:53] main.c:143> HRCMP 1778615630 71
[19:53:53] main.c:143> HRCMP 1778615630 71
[19:53:54] main.c:143> HRCMP 1778615631 72
[19:53:54] main.c:143> HRCMP 1778615631 72
[19:53:55] main.c:143> HRCMP 1778615632 72
[19:53:55] main.c:143> HRCMP 1778615632 72
[19:53:56] main.c:143> HRCMP 1778615633 73
[19:53:56] main.c:143> HRCMP 1778615633 73
[19:53:57] main.c:143> HRCMP 1778615634 74
[19:53:57] main.c:143> HRCMP 1778615634 74
[19:53:58] main.c:143> HRCMP 1778615635 74
[19:53:58] main.c:143> HRCMP 1778615635 74
[19:53:59] main.c:143> HRCMP 1778615636 74
[19:53:59] main.c:143> HRCMP 1778615636 74
[19:54:00] main.c:143> HRCMP 1778615637 73
[19:54:00] main.c:143> HRCMP 1778615637 73
[19:54:01] main.c:143> HRCMP 1778615638 73
[19:54:01] main.c:143> HRCMP 1778615638 73
[19:54:02] main.c:143> HRCMP 1778615639 72
[19:54:02] main.c:143> HRCMP 1778615639 72
[19:54:03] main.c:143> HRCMP 1778615640 71
[19:54:03] main.c:143> HRCMP 1778615640 71
[19:54:03] main.c:143> HRCMP 1778615640 71
[19:54:03] main.c:143> HRCMP 1778615640 71
[19:54:03] main.c:143> HRCMP 1778615640 71
[19:54:03] main.c:143> HRCMP 1778615640 71
[19:54:03] pkjs> Glance:107:12) [glance] sent {"WEATHER_TEMP":72,"WEATHER_COND":"Rain"}
[19:54:04] pkjs> Glance:107:12) [glance] sent {"CAL_TITLE":"SQP","CAL_TIME":"10:00a"}
[19:54:04] main.c:143> HRCMP 1778615641 70
[19:54:04] main.c:143> HRCMP 1778615641 70
[19:54:05] main.c:143> HRCMP 1778615642 70
[19:54:05] main.c:143> HRCMP 1778615642 70
[19:54:06] main.c:143> HRCMP 1778615643 70
[19:54:06] main.c:143> HRCMP 1778615643 70
[19:54:07] main.c:143> HRCMP 1778615644 70
[19:54:07] main.c:143> HRCMP 1778615644 70
[19:54:08] main.c:143> HRCMP 1778615645 71
[19:54:08] main.c:143> HRCMP 1778615645 71
[19:54:09] main.c:143> HRCMP 1778615646 71
[19:54:09] main.c:143> HRCMP 1778615646 71
[19:54:10] main.c:143> HRCMP 1778615647 71
[19:54:10] main.c:143> HRCMP 1778615647 71
[19:54:11] main.c:143> HRCMP 1778615648 71
[19:54:11] main.c:143> HRCMP 1778615648 71
[19:54:12] main.c:143> HRCMP 1778615649 71
[19:54:12] main.c:143> HRCMP 1778615649 71
[19:54:13] main.c:143> HRCMP 1778615650 71
[19:54:13] main.c:143> HRCMP 1778615650 71
[19:54:14] main.c:143> HRCMP 1778615651 71
[19:54:14] main.c:143> HRCMP 1778615651 71
[19:54:15] main.c:143> HRCMP 1778615652 71
[19:54:15] main.c:143> HRCMP 1778615652 71
[19:54:17] main.c:143> HRCMP 1778615653 71
[19:54:17] main.c:143> HRCMP 1778615653 71
[19:54:17] main.c:143> HRCMP 1778615654 71
[19:54:17] main.c:143> HRCMP 1778615654 71
[19:54:18] main.c:143> HRCMP 1778615655 72
[19:54:18] main.c:143> HRCMP 1778615655 72
[19:54:19] main.c:143> HRCMP 1778615656 72
[19:54:19] main.c:143> HRCMP 1778615656 72
[19:54:20] main.c:143> HRCMP 1778615657 72
[19:54:20] main.c:143> HRCMP 1778615657 72
[19:54:21] main.c:143> HRCMP 1778615658 72
[19:54:21] main.c:143> HRCMP 1778615658 72
[19:54:22] main.c:143> HRCMP 1778615659 73
[19:54:22] main.c:143> HRCMP 1778615659 73
[19:54:23] main.c:143> HRCMP 1778615660 73
[19:54:23] main.c:143> HRCMP 1778615660 73
[19:54:24] main.c:143> HRCMP 1778615661 74
[19:54:24] main.c:143> HRCMP 1778615661 74
[19:54:25] main.c:143> HRCMP 1778615662 74
[19:54:25] main.c:143> HRCMP 1778615662 74
[19:54:26] main.c:143> HRCMP 1778615663 75
[19:54:26] main.c:143> HRCMP 1778615663 75
[19:54:27] main.c:143> HRCMP 1778615664 74
[19:54:27] main.c:143> HRCMP 1778615664 74
[19:54:28] main.c:143> HRCMP 1778615665 74
[19:54:28] main.c:143> HRCMP 1778615665 74
[19:54:29] main.c:143> HRCMP 1778615666 73
[19:54:29] main.c:143> HRCMP 1778615666 73
[19:54:30] main.c:143> HRCMP 1778615667 72
[19:54:30] main.c:143> HRCMP 1778615667 72
[19:54:31] main.c:143> HRCMP 1778615668 72
[19:54:31] main.c:143> HRCMP 1778615668 72
[19:54:32] main.c:143> HRCMP 1778615669 72
[19:54:32] main.c:143> HRCMP 1778615669 72
[19:54:33] main.c:143> HRCMP 1778615670 71
[19:54:33] main.c:143> HRCMP 1778615670 71
[19:54:34] main.c:143> HRCMP 1778615671 71
[19:54:34] main.c:143> HRCMP 1778615671 71
[19:54:35] main.c:143> HRCMP 1778615672 72
[19:54:35] main.c:143> HRCMP 1778615672 72
[19:54:36] main.c:143> HRCMP 1778615673 72
[19:54:36] main.c:143> HRCMP 1778615673 72
[19:54:37] main.c:143> HRCMP 1778615674 72
[19:54:37] main.c:143> HRCMP 1778615674 72
[19:54:38] main.c:143> HRCMP 1778615675 73
[19:54:38] main.c:143> HRCMP 1778615675 73
[19:54:39] main.c:143> HRCMP 1778615676 73
[19:54:39] main.c:143> HRCMP 1778615676 73
[19:54:40] main.c:143> HRCMP 1778615677 73
[19:54:40] main.c:143> HRCMP 1778615677 73
[19:54:41] main.c:143> HRCMP 1778615678 72
[19:54:41] main.c:143> HRCMP 1778615678 72
[19:54:42] main.c:143> HRCMP 1778615679 73
[19:54:42] main.c:143> HRCMP 1778615679 73
[19:54:43] main.c:143> HRCMP 1778615680 74
[19:54:43] main.c:143> HRCMP 1778615680 74
[19:54:44] main.c:143> HRCMP 1778615681 74
[19:54:44] main.c:143> HRCMP 1778615681 74
[19:54:45] main.c:143> HRCMP 1778615682 74
[19:54:45] main.c:143> HRCMP 1778615682 74
[19:54:46] main.c:143> HRCMP 1778615683 73
[19:54:46] main.c:143> HRCMP 1778615683 73
[19:54:47] main.c:143> HRCMP 1778615684 72
[19:54:47] main.c:143> HRCMP 1778615684 72
[19:54:48] main.c:143> HRCMP 1778615685 71
[19:54:48] main.c:143> HRCMP 1778615685 71
[19:54:49] main.c:143> HRCMP 1778615686 70
[19:54:49] main.c:143> HRCMP 1778615686 70
[19:54:50] main.c:143> HRCMP 1778615687 70
[19:54:50] main.c:143> HRCMP 1778615687 70
[19:54:51] main.c:143> HRCMP 1778615688 69
[19:54:51] main.c:143> HRCMP 1778615688 69
[19:54:52] main.c:143> HRCMP 1778615689 69
[19:54:52] main.c:143> HRCMP 1778615689 69
[19:54:53] main.c:143> HRCMP 1778615690 69
[19:54:53] main.c:143> HRCMP 1778615690 69
[19:54:54] main.c:143> HRCMP 1778615691 69
[19:54:54] main.c:143> HRCMP 1778615691 69
[19:54:55] main.c:143> HRCMP 1778615692 69
[19:54:55] main.c:143> HRCMP 1778615692 69
[19:54:56] main.c:143> HRCMP 1778615693 69
[19:54:56] main.c:143> HRCMP 1778615693 69
[19:54:57] main.c:143> HRCMP 1778615694 68
[19:54:57] main.c:143> HRCMP 1778615694 68
[19:54:58] main.c:143> HRCMP 1778615695 68
[19:54:58] main.c:143> HRCMP 1778615695 68
[19:54:59] main.c:143> HRCMP 1778615696 68
[19:54:59] main.c:143> HRCMP 1778615696 68
[19:55:00] main.c:143> HRCMP 1778615697 68
[19:55:00] main.c:143> HRCMP 1778615697 68
[19:55:01] main.c:143> HRCMP 1778615698 68
[19:55:01] main.c:143> HRCMP 1778615698 68
[19:55:02] main.c:143> HRCMP 1778615699 68
[19:55:02] main.c:143> HRCMP 1778615699 68
[19:55:03] main.c:143> HRCMP 1778615700 68
[19:55:03] main.c:143> HRCMP 1778615700 68
[19:55:03] main.c:143> HRCMP 1778615700 68
[19:55:03] main.c:143> HRCMP 1778615700 68
[19:55:03] main.c:143> HRCMP 1778615700 68
[19:55:03] main.c:143> HRCMP 1778615700 68
[19:55:03] pkjs> Glance:107:12) [glance] sent {"WEATHER_TEMP":72,"WEATHER_COND":"Rain"}
[19:55:04] pkjs> Glance:107:12) [glance] sent {"CAL_TITLE":"SQP","CAL_TIME":"10:00a"}
[19:55:04] main.c:143> HRCMP 1778615701 68
[19:55:04] main.c:143> HRCMP 1778615701 68
[19:55:05] main.c:143> HRCMP 1778615702 67
[19:55:05] main.c:143> HRCMP 1778615702 67
[19:55:06] main.c:143> HRCMP 1778615703 67
[19:55:06] main.c:143> HRCMP 1778615703 67
[19:55:07] main.c:143> HRCMP 1778615704 67
[19:55:07] main.c:143> HRCMP 1778615704 67
[19:55:08] main.c:143> HRCMP 1778615705 67
[19:55:08] main.c:143> HRCMP 1778615705 67
[19:55:09] main.c:143> HRCMP 1778615706 67
[19:55:09] main.c:143> HRCMP 1778615706 67
[19:55:10] main.c:143> HRCMP 1778615707 66
[19:55:10] main.c:143> HRCMP 1778615707 66
[19:55:11] main.c:143> HRCMP 1778615708 66
[19:55:11] main.c:143> HRCMP 1778615708 66
[19:55:12] main.c:143> HRCMP 1778615709 66
[19:55:12] main.c:143> HRCMP 1778615709 66
[19:55:13] main.c:143> HRCMP 1778615710 66
[19:55:13] main.c:143> HRCMP 1778615710 66
[19:55:14] main.c:143> HRCMP 1778615711 67
[19:55:14] main.c:143> HRCMP 1778615711 67
[19:55:15] main.c:143> HRCMP 1778615712 67
[19:55:15] main.c:143> HRCMP 1778615712 67
[19:55:17] main.c:143> HRCMP 1778615713 68
[19:55:17] main.c:143> HRCMP 1778615713 68
[19:55:17] main.c:143> HRCMP 1778615714 69
[19:55:17] main.c:143> HRCMP 1778615714 69
[19:55:18] main.c:143> HRCMP 1778615715 69
[19:55:18] main.c:143> HRCMP 1778615715 69
[19:55:19] main.c:143> HRCMP 1778615716 69
[19:55:19] main.c:143> HRCMP 1778615716 69
[19:55:20] main.c:143> HRCMP 1778615717 68
[19:55:20] main.c:143> HRCMP 1778615717 68
[19:55:21] main.c:143> HRCMP 1778615718 68
[19:55:21] main.c:143> HRCMP 1778615718 68
[19:55:22] main.c:143> HRCMP 1778615719 68
[19:55:22] main.c:143> HRCMP 1778615719 68
[19:55:23] main.c:143> HRCMP 1778615720 67
[19:55:23] main.c:143> HRCMP 1778615720 67
[19:55:24] main.c:143> HRCMP 1778615721 67
[19:55:24] main.c:143> HRCMP 1778615721 67
[19:55:25] main.c:143> HRCMP 1778615722 67
[19:55:25] main.c:143> HRCMP 1778615722 67
[19:55:26] main.c:143> HRCMP 1778615723 67
[19:55:26] main.c:143> HRCMP 1778615723 67
[19:55:27] main.c:143> HRCMP 1778615724 67
[19:55:27] main.c:143> HRCMP 1778615724 67
[19:55:29] main.c:143> HRCMP 1778615725 67
[19:55:29] main.c:143> HRCMP 1778615725 67
[19:55:29] main.c:143> HRCMP 1778615726 67
[19:55:29] main.c:143> HRCMP 1778615726 67
[19:55:30] main.c:143> HRCMP 1778615727 67
[19:55:30] main.c:143> HRCMP 1778615727 67
[19:55:31] main.c:143> HRCMP 1778615728 67
[19:55:31] main.c:143> HRCMP 1778615728 67
[19:55:32] main.c:143> HRCMP 1778615729 67
[19:55:32] main.c:143> HRCMP 1778615729 67
[19:55:33] main.c:143> HRCMP 1778615730 68
[19:55:33] main.c:143> HRCMP 1778615730 68
[19:55:34] main.c:143> HRCMP 1778615731 68
[19:55:34] main.c:143> HRCMP 1778615731 68
[19:55:35] main.c:143> HRCMP 1778615732 68
[19:55:35] main.c:143> HRCMP 1778615732 68
[19:55:36] main.c:143> HRCMP 1778615733 68
[19:55:36] main.c:143> HRCMP 1778615733 68
[19:55:37] main.c:143> HRCMP 1778615734 67
[19:55:37] main.c:143> HRCMP 1778615734 67
[19:55:38] main.c:143> HRCMP 1778615735 67
[19:55:38] main.c:143> HRCMP 1778615735 67
[19:55:39] main.c:143> HRCMP 1778615736 67
[19:55:39] main.c:143> HRCMP 1778615736 67
[19:55:40] main.c:143> HRCMP 1778615737 67
[19:55:40] main.c:143> HRCMP 1778615737 67
[19:55:41] main.c:143> HRCMP 1778615738 67
[19:55:41] main.c:143> HRCMP 1778615738 67
[19:55:42] main.c:143> HRCMP 1778615739 67
[19:55:42] main.c:143> HRCMP 1778615739 67
[19:55:43] main.c:143> HRCMP 1778615739 66
[19:55:43] main.c:143> HRCMP 1778615739 66
[19:55:44] main.c:143> HRCMP 1778615741 66
[19:55:44] main.c:143> HRCMP 1778615741 66
[19:55:45] main.c:143> HRCMP 1778615742 66
[19:55:45] main.c:143> HRCMP 1778615742 66
[19:55:46] main.c:143> HRCMP 1778615743 66
[19:55:46] main.c:143> HRCMP 1778615743 66
[19:55:47] main.c:143> HRCMP 1778615743 67
[19:55:47] main.c:143> HRCMP 1778615743 67
[19:55:48] main.c:143> HRCMP 1778615745 66
[19:55:48] main.c:143> HRCMP 1778615745 66
[19:55:49] main.c:143> HRCMP 1778615746 67
[19:55:49] main.c:143> HRCMP 1778615746 67
[19:55:50] main.c:143> HRCMP 1778615747 67
[19:55:50] main.c:143> HRCMP 1778615747 67
[19:55:51] main.c:143> HRCMP 1778615747 67
[19:55:51] main.c:143> HRCMP 1778615747 67
[19:55:52] main.c:143> HRCMP 1778615749 66
[19:55:52] main.c:143> HRCMP 1778615749 66
[19:55:53] main.c:143> HRCMP 1778615750 66
[19:55:53] main.c:143> HRCMP 1778615750 66
[19:55:54] main.c:143> HRCMP 1778615751 66
[19:55:54] main.c:143> HRCMP 1778615751 66
[19:55:55] main.c:143> HRCMP 1778615751 67
[19:55:55] main.c:143> HRCMP 1778615751 67
[19:55:56] main.c:143> HRCMP 1778615753 68
[19:55:56] main.c:143> HRCMP 1778615753 68
[19:55:57] main.c:143> HRCMP 1778615754 69
[19:55:57] main.c:143> HRCMP 1778615754 69
[19:55:58] main.c:143> HRCMP 1778615755 69
[19:55:58] main.c:143> HRCMP 1778615755 69
[19:55:59] main.c:143> HRCMP 1778615755 70
[19:55:59] main.c:143> HRCMP 1778615755 70
[19:56:00] main.c:143> HRCMP 1778615757 70
[19:56:00] main.c:143> HRCMP 1778615757 70
[19:56:01] main.c:143> HRCMP 1778615758 70
[19:56:01] main.c:143> HRCMP 1778615758 70
[19:56:02] main.c:143> HRCMP 1778615759 69
[19:56:02] main.c:143> HRCMP 1778615759 69
[19:56:03] main.c:143> HRCMP 1778615759 69
[19:56:03] main.c:143> HRCMP 1778615759 69
[19:56:03] main.c:143> HRCMP 1778615760 69
[19:56:03] main.c:143> HRCMP 1778615760 69
[19:56:03] main.c:143> HRCMP 1778615760 69
[19:56:03] main.c:143> HRCMP 1778615760 69
[19:56:03] pkjs> Glance:107:12) [glance] sent {"WEATHER_TEMP":72,"WEATHER_COND":"Rain"}
[19:56:04] pkjs> Glance:107:12) [glance] sent {"CAL_TITLE":"SQP","CAL_TIME":"10:00a"}
[19:56:04] main.c:143> HRCMP 1778615761 68
[19:56:04] main.c:143> HRCMP 1778615761 68
[19:56:05] main.c:143> HRCMP 1778615762 68
[19:56:05] main.c:143> HRCMP 1778615762 68
[19:56:06] main.c:143> HRCMP 1778615763 67
[19:56:06] main.c:143> HRCMP 1778615763 67
[19:56:07] main.c:143> HRCMP 1778615763 68
[19:56:07] main.c:143> HRCMP 1778615763 68
[19:56:08] main.c:143> HRCMP 1778615765 68
[19:56:08] main.c:143> HRCMP 1778615765 68
[19:56:09] main.c:143> HRCMP 1778615766 67
[19:56:09] main.c:143> HRCMP 1778615766 67
[19:56:10] main.c:143> HRCMP 1778615767 67
[19:56:10] main.c:143> HRCMP 1778615767 67
[19:56:11] main.c:143> HRCMP 1778615767 67
[19:56:11] main.c:143> HRCMP 1778615767 67
[19:56:12] main.c:143> HRCMP 1778615769 67
[19:56:12] main.c:143> HRCMP 1778615769 67
[19:56:13] main.c:143> HRCMP 1778615770 67
[19:56:13] main.c:143> HRCMP 1778615770 67
[19:56:14] main.c:143> HRCMP 1778615771 67
[19:56:14] main.c:143> HRCMP 1778615771 67
[19:56:15] main.c:143> HRCMP 1778615771 67
[19:56:15] main.c:143> HRCMP 1778615771 67
[19:56:16] main.c:143> HRCMP 1778615773 67
[19:56:16] main.c:143> HRCMP 1778615773 67
[19:56:17] main.c:143> HRCMP 1778615774 66
[19:56:17] main.c:143> HRCMP 1778615774 66
[19:56:18] main.c:143> HRCMP 1778615775 66
[19:56:18] main.c:143> HRCMP 1778615775 66
[19:56:19] main.c:143> HRCMP 1778615775 67
[19:56:19] main.c:143> HRCMP 1778615775 67
[19:56:20] main.c:143> HRCMP 1778615777 67
[19:56:20] main.c:143> HRCMP 1778615777 67
[19:56:21] main.c:143> HRCMP 1778615778 68
[19:56:21] main.c:143> HRCMP 1778615778 68
[19:56:22] main.c:143> HRCMP 1778615779 68
[19:56:22] main.c:143> HRCMP 1778615779 68
[19:56:23] main.c:143> HRCMP 1778615779 69
[19:56:23] main.c:143> HRCMP 1778615779 69
[19:56:24] main.c:143> HRCMP 1778615781 69
[19:56:24] main.c:143> HRCMP 1778615781 69
[19:56:25] main.c:143> HRCMP 1778615782 69
[19:56:25] main.c:143> HRCMP 1778615782 69
[19:56:26] main.c:143> HRCMP 1778615783 70
[19:56:26] main.c:143> HRCMP 1778615783 70
[19:56:26] main.c:143> HRCMP 1778615783 71
[19:56:27] main.c:143> HRCMP 1778615783 71
[19:56:28] main.c:143> HRCMP 1778615785 71
[19:56:28] main.c:143> HRCMP 1778615785 71
[19:56:29] main.c:143> HRCMP 1778615786 72
[19:56:29] main.c:143> HRCMP 1778615786 72
[19:56:30] main.c:143> HRCMP 1778615787 72
[19:56:30] main.c:143> HRCMP 1778615787 72
[19:56:31] main.c:143> HRCMP 1778615787 72
[19:56:31] main.c:143> HRCMP 1778615787 72
[19:56:32] main.c:143> HRCMP 1778615789 72
[19:56:32] main.c:143> HRCMP 1778615789 72
[19:56:33] main.c:143> HRCMP 1778615790 71
[19:56:33] main.c:143> HRCMP 1778615790 71
[19:56:34] main.c:143> HRCMP 1778615791 71
[19:56:34] main.c:143> HRCMP 1778615791 71
[19:56:35] main.c:143> HRCMP 1778615791 71
[19:56:35] main.c:143> HRCMP 1778615791 71
[19:56:36] main.c:143> HRCMP 1778615793 72
[19:56:36] main.c:143> HRCMP 1778615793 72
[19:56:37] main.c:143> HRCMP 1778615794 72
[19:56:37] main.c:143> HRCMP 1778615794 72
[19:56:38] main.c:143> HRCMP 1778615795 72
[19:56:38] main.c:143> HRCMP 1778615795 72
[19:56:39] main.c:143> HRCMP 1778615795 72
[19:56:39] main.c:143> HRCMP 1778615795 72
[19:56:40] main.c:143> HRCMP 1778615797 73
[19:56:40] main.c:143> HRCMP 1778615797 73
[19:56:41] main.c:143> HRCMP 1778615798 73
[19:56:41] main.c:143> HRCMP 1778615798 73
[19:56:42] main.c:143> HRCMP 1778615799 73
[19:56:42] main.c:143> HRCMP 1778615799 73
[19:56:43] main.c:143> HRCMP 1778615799 73
[19:56:43] main.c:143> HRCMP 1778615799 73
[19:56:44] main.c:143> HRCMP 1778615801 73
[19:56:44] main.c:143> HRCMP 1778615801 73
[19:56:45] main.c:143> HRCMP 1778615802 73
[19:56:45] main.c:143> HRCMP 1778615802 73
[19:56:46] main.c:143> HRCMP 1778615803 73
[19:56:46] main.c:143> HRCMP 1778615803 73
[19:56:46] main.c:143> HRCMP 1778615803 73
[19:56:46] main.c:143> HRCMP 1778615803 73
[19:56:48] main.c:143> HRCMP 1778615805 74
[19:56:48] main.c:143> HRCMP 1778615805 74
[19:56:49] main.c:143> HRCMP 1778615806 74
[19:56:49] main.c:143> HRCMP 1778615806 74
[19:56:50] main.c:143> HRCMP 1778615807 74
[19:56:50] main.c:143> HRCMP 1778615807 74
[19:56:51] main.c:143> HRCMP 1778615807 74
[19:56:51] main.c:143> HRCMP 1778615807 74
[19:56:52] main.c:143> HRCMP 1778615809 74
[19:56:52] main.c:143> HRCMP 1778615809 74
[19:56:53] main.c:143> HRCMP 1778615810 75
[19:56:53] main.c:143> HRCMP 1778615810 75
[19:56:54] main.c:143> HRCMP 1778615811 74
[19:56:54] main.c:143> HRCMP 1778615811 74
[19:56:55] main.c:143> HRCMP 1778615811 74
[19:56:55] main.c:143> HRCMP 1778615811 74
[19:56:56] main.c:143> HRCMP 1778615813 74
[19:56:56] main.c:143> HRCMP 1778615813 74
[19:56:57] main.c:143> HRCMP 1778615814 74
[19:56:57] main.c:143> HRCMP 1778615814 74
[19:56:58] main.c:143> HRCMP 1778615815 73
[19:56:58] main.c:143> HRCMP 1778615815 73
[19:56:59] main.c:143> HRCMP 1778615815 73
[19:56:59] main.c:143> HRCMP 1778615815 73
[19:57:00] main.c:143> HRCMP 1778615817 74
[19:57:00] main.c:143> HRCMP 1778615817 74
[19:57:01] main.c:143> HRCMP 1778615818 74
[19:57:01] main.c:143> HRCMP 1778615818 74
[19:57:02] main.c:143> HRCMP 1778615819 73
[19:57:02] main.c:143> HRCMP 1778615819 73
[19:57:02] main.c:143> HRCMP 1778615819 73
[19:57:02] main.c:143> HRCMP 1778615819 73
[19:57:03] main.c:143> HRCMP 1778615820 73
[19:57:03] main.c:143> HRCMP 1778615820 73
[19:57:03] main.c:143> HRCMP 1778615820 73
[19:57:03] main.c:143> HRCMP 1778615820 73
[19:57:03] pkjs> Glance:107:12) [glance] sent {"WEATHER_TEMP":72,"WEATHER_COND":"Rain"}
[19:57:04] pkjs> Glance:107:12) [glance] sent {"CAL_TITLE":"SQP","CAL_TIME":"10:00a"}
[19:57:04] main.c:143> HRCMP 1778615821 73
[19:57:04] main.c:143> HRCMP 1778615821 73
[19:57:05] main.c:143> HRCMP 1778615822 73
[19:57:05] main.c:143> HRCMP 1778615822 73
[19:57:06] main.c:143> HRCMP 1778615823 73
[19:57:06] main.c:143> HRCMP 1778615823 73
[19:57:06] main.c:143> HRCMP 1778615823 73
[19:57:06] main.c:143> HRCMP 1778615823 73
[19:57:08] main.c:143> HRCMP 1778615825 73
[19:57:08] main.c:143> HRCMP 1778615825 73
[19:57:09] main.c:143> HRCMP 1778615826 72
[19:57:09] main.c:143> HRCMP 1778615826 72
[19:57:10] main.c:143> HRCMP 1778615827 71
[19:57:10] main.c:143> HRCMP 1778615827 71
[19:57:10] main.c:143> HRCMP 1778615827 70
[19:57:10] main.c:143> HRCMP 1778615827 70
[19:57:12] main.c:143> HRCMP 1778615829 69
[19:57:12] main.c:143> HRCMP 1778615829 69
[19:57:13] main.c:143> HRCMP 1778615830 69
[19:57:13] main.c:143> HRCMP 1778615830 69
[19:57:14] main.c:143> HRCMP 1778615831 68
[19:57:14] main.c:143> HRCMP 1778615831 68
[19:57:15] main.c:143> HRCMP 1778615831 69
[19:57:15] main.c:143> HRCMP 1778615831 69
[19:57:16] main.c:143> HRCMP 1778615833 68
[19:57:16] main.c:143> HRCMP 1778615833 68
[19:57:17] main.c:143> HRCMP 1778615834 68
[19:57:17] main.c:143> HRCMP 1778615834 68
[19:57:18] main.c:143> HRCMP 1778615835 68
[19:57:18] main.c:143> HRCMP 1778615835 68
[19:57:19] main.c:143> HRCMP 1778615835 68
[19:57:19] main.c:143> HRCMP 1778615835 68
[19:57:20] main.c:143> HRCMP 1778615837 69
[19:57:20] main.c:143> HRCMP 1778615837 69
[19:57:21] main.c:143> HRCMP 1778615838 69
[19:57:21] main.c:143> HRCMP 1778615838 69
[19:57:22] main.c:143> HRCMP 1778615839 70
[19:57:22] main.c:143> HRCMP 1778615839 70
[19:57:22] main.c:143> HRCMP 1778615839 70
[19:57:22] main.c:143> HRCMP 1778615839 70
[19:57:24] main.c:143> HRCMP 1778615841 71
[19:57:24] main.c:143> HRCMP 1778615841 71
[19:57:25] main.c:143> HRCMP 1778615842 71
[19:57:25] main.c:143> HRCMP 1778615842 71
[19:57:26] main.c:143> HRCMP 1778615843 72
[19:57:26] main.c:143> HRCMP 1778615843 72
[19:57:26] main.c:143> HRCMP 1778615843 72
[19:57:26] main.c:143> HRCMP 1778615843 72
[19:57:28] main.c:143> HRCMP 1778615845 71
[19:57:28] main.c:143> HRCMP 1778615845 71
[19:57:29] main.c:143> HRCMP 1778615846 71
[19:57:29] main.c:143> HRCMP 1778615846 71
[19:57:30] main.c:143> HRCMP 1778615847 71
[19:57:30] main.c:143> HRCMP 1778615847 71
[19:57:31] main.c:143> HRCMP 1778615847 71
[19:57:31] main.c:143> HRCMP 1778615847 71
[19:57:32] main.c:143> HRCMP 1778615849 71
[19:57:32] main.c:143> HRCMP 1778615849 71
[19:57:33] main.c:143> HRCMP 1778615850 71
[19:57:33] main.c:143> HRCMP 1778615850 71
[19:57:34] main.c:143> HRCMP 1778615851 70
[19:57:34] main.c:143> HRCMP 1778615851 70
[19:57:35] main.c:143> HRCMP 1778615851 69
[19:57:35] main.c:143> HRCMP 1778615851 69
[19:57:36] main.c:143> HRCMP 1778615853 68
[19:57:36] main.c:143> HRCMP 1778615853 68
[19:57:37] main.c:143> HRCMP 1778615854 68
[19:57:37] main.c:143> HRCMP 1778615854 68
[19:57:38] main.c:143> HRCMP 1778615855 67
[19:57:38] main.c:143> HRCMP 1778615855 67
[19:57:39] main.c:143> HRCMP 1778615855 67
[19:57:39] main.c:143> HRCMP 1778615855 67
[19:57:40] main.c:143> HRCMP 1778615857 67
[19:57:40] main.c:143> HRCMP 1778615857 67
[19:57:41] main.c:143> HRCMP 1778615858 67
[19:57:41] main.c:143> HRCMP 1778615858 67
[19:57:42] main.c:143> HRCMP 1778615859 67
[19:57:42] main.c:143> HRCMP 1778615859 67
[19:57:43] main.c:143> HRCMP 1778615859 67
[19:57:43] main.c:143> HRCMP 1778615859 67
[19:57:44] main.c:143> HRCMP 1778615861 67
[19:57:44] main.c:143> HRCMP 1778615861 67
[19:57:45] main.c:143> HRCMP 1778615862 67
[19:57:45] main.c:143> HRCMP 1778615862 67
[19:57:46] main.c:143> HRCMP 1778615863 66
[19:57:46] main.c:143> HRCMP 1778615863 66
[19:57:47] main.c:143> HRCMP 1778615863 66
[19:57:47] main.c:143> HRCMP 1778615863 66
[19:57:48] main.c:143> HRCMP 1778615865 66
[19:57:48] main.c:143> HRCMP 1778615865 66
[19:57:49] main.c:143> HRCMP 1778615866 65
[19:57:49] main.c:143> HRCMP 1778615866 65
[19:57:50] main.c:143> HRCMP 1778615867 65
[19:57:50] main.c:143> HRCMP 1778615867 65
[19:57:51] main.c:143> HRCMP 1778615867 65
[19:57:51] main.c:143> HRCMP 1778615867 65
[19:57:52] main.c:143> HRCMP 1778615869 64
[19:57:52] main.c:143> HRCMP 1778615869 64
[19:57:53] main.c:143> HRCMP 1778615870 64
[19:57:53] main.c:143> HRCMP 1778615870 64
[19:57:54] main.c:143> HRCMP 1778615871 64
[19:57:54] main.c:143> HRCMP 1778615871 64
[19:57:55] main.c:143> HRCMP 1778615871 63
[19:57:55] main.c:143> HRCMP 1778615871 63
[19:57:56] main.c:143> HRCMP 1778615873 64
[19:57:56] main.c:143> HRCMP 1778615873 64
[19:57:57] main.c:143> HRCMP 1778615874 64
[19:57:57] main.c:143> HRCMP 1778615874 64
[19:57:58] main.c:143> HRCMP 1778615875 65
[19:57:58] main.c:143> HRCMP 1778615875 65
[19:57:58] main.c:143> HRCMP 1778615875 66
[19:57:58] main.c:143> HRCMP 1778615875 66
[19:58:00] main.c:143> HRCMP 1778615877 67
[19:58:00] main.c:143> HRCMP 1778615877 67
[19:58:01] main.c:143> HRCMP 1778615878 68
[19:58:01] main.c:143> HRCMP 1778615878 68
[19:58:02] main.c:143> HRCMP 1778615879 69
[19:58:02] main.c:143> HRCMP 1778615879 69
[19:58:02] main.c:143> HRCMP 1778615879 70
[19:58:02] main.c:143> HRCMP 1778615879 70
[19:58:03] main.c:143> HRCMP 1778615880 70
[19:58:03] main.c:143> HRCMP 1778615880 70
[19:58:03] main.c:143> HRCMP 1778615880 70
[19:58:03] main.c:143> HRCMP 1778615880 70
[19:58:04] pkjs> Glance:107:12) [glance] sent {"WEATHER_TEMP":72,"WEATHER_COND":"Rain"}
[19:58:04] pkjs> Glance:107:12) [glance] sent {"CAL_TITLE":"SQP","CAL_TIME":"10:00a"}
[19:58:04] main.c:143> HRCMP 1778615881 71
[19:58:04] main.c:143> HRCMP 1778615881 71
[19:58:05] main.c:143> HRCMP 1778615882 72
[19:58:05] main.c:143> HRCMP 1778615882 72
[19:58:06] main.c:143> HRCMP 1778615883 72
[19:58:06] main.c:143> HRCMP 1778615883 72
[19:58:06] main.c:143> HRCMP 1778615883 71
[19:58:06] main.c:143> HRCMP 1778615883 71
[19:58:08] main.c:143> HRCMP 1778615885 71
[19:58:08] main.c:143> HRCMP 1778615885 71
[19:58:09] main.c:143> HRCMP 1778615886 71
[19:58:09] main.c:143> HRCMP 1778615886 71
[19:58:10] main.c:143> HRCMP 1778615887 72
[19:58:10] main.c:143> HRCMP 1778615887 72
[19:58:10] main.c:143> HRCMP 1778615887 73
[19:58:10] main.c:143> HRCMP 1778615887 73
[19:58:12] main.c:143> HRCMP 1778615889 73
[19:58:12] main.c:143> HRCMP 1778615889 73
[19:58:13] main.c:143> HRCMP 1778615890 74
[19:58:13] main.c:143> HRCMP 1778615890 74
[19:58:14] main.c:143> HRCMP 1778615891 74
[19:58:14] main.c:143> HRCMP 1778615891 74
[19:58:14] main.c:143> HRCMP 1778615891 73
[19:58:14] main.c:143> HRCMP 1778615891 73
[19:58:16] main.c:143> HRCMP 1778615893 72
[19:58:16] main.c:143> HRCMP 1778615893 72
[19:58:17] main.c:143> HRCMP 1778615894 71
[19:58:17] main.c:143> HRCMP 1778615894 71
[19:58:18] main.c:143> HRCMP 1778615895 70
[19:58:18] main.c:143> HRCMP 1778615895 70
[19:58:18] main.c:143> HRCMP 1778615895 70
[19:58:18] main.c:143> HRCMP 1778615895 70
[19:58:20] main.c:143> HRCMP 1778615897 69
[19:58:20] main.c:143> HRCMP 1778615897 69
[19:58:21] main.c:143> HRCMP 1778615898 69
[19:58:21] main.c:143> HRCMP 1778615898 69
[19:58:22] main.c:143> HRCMP 1778615899 69
[19:58:22] main.c:143> HRCMP 1778615899 69
[19:58:22] main.c:143> HRCMP 1778615899 69
[19:58:22] main.c:143> HRCMP 1778615899 69
[19:58:24] main.c:143> HRCMP 1778615901 69
[19:58:24] main.c:143> HRCMP 1778615901 69
[19:58:25] main.c:143> HRCMP 1778615902 69
[19:58:25] main.c:143> HRCMP 1778615902 69
[19:58:26] main.c:143> HRCMP 1778615903 68
[19:58:26] main.c:143> HRCMP 1778615903 68
[19:58:26] main.c:143> HRCMP 1778615903 68
[19:58:26] main.c:143> HRCMP 1778615903 68
[19:58:28] main.c:143> HRCMP 1778615905 68
[19:58:28] main.c:143> HRCMP 1778615905 68
[19:58:29] main.c:143> HRCMP 1778615906 67
[19:58:29] main.c:143> HRCMP 1778615906 67
[19:58:30] main.c:143> HRCMP 1778615907 67
[19:58:30] main.c:143> HRCMP 1778615907 67
[19:58:31] main.c:143> HRCMP 1778615907 68
[19:58:31] main.c:143> HRCMP 1778615907 68
[19:58:32] main.c:143> HRCMP 1778615909 68
[19:58:32] main.c:143> HRCMP 1778615909 68
[19:58:33] main.c:143> HRCMP 1778615910 68
[19:58:33] main.c:143> HRCMP 1778615910 68
[19:58:34] main.c:143> HRCMP 1778615911 67
[19:58:34] main.c:143> HRCMP 1778615911 67
[19:58:34] main.c:143> HRCMP 1778615911 67
[19:58:34] main.c:143> HRCMP 1778615911 67
[19:58:36] main.c:143> HRCMP 1778615913 67
[19:58:36] main.c:143> HRCMP 1778615913 67
[19:58:37] main.c:143> HRCMP 1778615914 67
[19:58:37] main.c:143> HRCMP 1778615914 67
[19:58:38] main.c:143> HRCMP 1778615915 68
[19:58:38] main.c:143> HRCMP 1778615915 68
[19:58:38] main.c:143> HRCMP 1778615915 68
[19:58:38] main.c:143> HRCMP 1778615915 68
[19:58:40] main.c:143> HRCMP 1778615917 69
[19:58:40] main.c:143> HRCMP 1778615917 69
[19:58:41] main.c:143> HRCMP 1778615918 70
[19:58:41] main.c:143> HRCMP 1778615918 70
[19:58:42] main.c:143> HRCMP 1778615919 70
[19:58:42] main.c:143> HRCMP 1778615919 70
[19:58:42] main.c:143> HRCMP 1778615919 69
[19:58:42] main.c:143> HRCMP 1778615919 69
[19:58:44] main.c:143> HRCMP 1778615921 69
[19:58:44] main.c:143> HRCMP 1778615921 69
[19:58:45] main.c:143> HRCMP 1778615922 68
[19:58:45] main.c:143> HRCMP 1778615922 68
[19:58:46] main.c:143> HRCMP 1778615923 68
[19:58:46] main.c:143> HRCMP 1778615923 68
[19:58:46] main.c:143> HRCMP 1778615923 68
[19:58:46] main.c:143> HRCMP 1778615923 68
[19:58:48] main.c:143> HRCMP 1778615925 68
[19:58:48] main.c:143> HRCMP 1778615925 68
[19:58:49] main.c:143> HRCMP 1778615926 68
[19:58:49] main.c:143> HRCMP 1778615926 68
[19:58:50] main.c:143> HRCMP 1778615927 68
[19:58:50] main.c:143> HRCMP 1778615927 68
[19:58:51] main.c:143> HRCMP 1778615927 69
[19:58:51] main.c:143> HRCMP 1778615927 69
[19:58:52] main.c:143> HRCMP 1778615929 70
[19:58:52] main.c:143> HRCMP 1778615929 70
[19:58:53] main.c:143> HRCMP 1778615930 71
[19:58:53] main.c:143> HRCMP 1778615930 71
[19:58:54] main.c:143> HRCMP 1778615931 72
[19:58:54] main.c:143> HRCMP 1778615931 72
[19:58:55] main.c:143> HRCMP 1778615931 74
[19:58:55] main.c:143> HRCMP 1778615931 74
[19:58:56] main.c:143> HRCMP 1778615933 75
[19:58:56] main.c:143> HRCMP 1778615933 75
[19:58:57] main.c:143> HRCMP 1778615934 76
[19:58:57] main.c:143> HRCMP 1778615934 76
[19:58:58] main.c:143> HRCMP 1778615935 78
[19:58:58] main.c:143> HRCMP 1778615935 78
[19:58:58] main.c:143> HRCMP 1778615935 78
[19:58:58] main.c:143> HRCMP 1778615935 78
[19:59:00] main.c:143> HRCMP 1778615937 76
[19:59:00] main.c:143> HRCMP 1778615937 76
[19:59:01] main.c:143> HRCMP 1778615938 74
[19:59:01] main.c:143> HRCMP 1778615938 74
[19:59:02] main.c:143> HRCMP 1778615939 73
[19:59:02] main.c:143> HRCMP 1778615939 73
[19:59:02] main.c:143> HRCMP 1778615939 72
[19:59:02] main.c:143> HRCMP 1778615939 72
[19:59:03] main.c:143> HRCMP 1778615940 72
[19:59:03] main.c:143> HRCMP 1778615940 72
[19:59:03] main.c:143> HRCMP 1778615940 72
[19:59:03] main.c:143> HRCMP 1778615940 72
[19:59:04] pkjs> Glance:107:12) [glance] sent {"WEATHER_TEMP":72,"WEATHER_COND":"Rain"}
[19:59:04] pkjs> Glance:107:12) [glance] sent {"CAL_TITLE":"SQP","CAL_TIME":"10:00a"}
[19:59:04] main.c:143> HRCMP 1778615941 71
[19:59:04] main.c:143> HRCMP 1778615941 71
[19:59:05] main.c:143> HRCMP 1778615942 71
[19:59:05] main.c:143> HRCMP 1778615942 71
[19:59:06] main.c:143> HRCMP 1778615942 71
[19:59:06] main.c:143> HRCMP 1778615942 71
[19:59:06] main.c:143> HRCMP 1778615943 71
[19:59:06] main.c:143> HRCMP 1778615943 71
[19:59:08] main.c:143> HRCMP 1778615945 71
[19:59:08] main.c:143> HRCMP 1778615945 71
[19:59:09] main.c:143> HRCMP 1778615946 71
[19:59:09] main.c:143> HRCMP 1778615946 71
[19:59:10] main.c:143> HRCMP 1778615946 71
[19:59:10] main.c:143> HRCMP 1778615946 71
[19:59:10] main.c:143> HRCMP 1778615947 71
[19:59:10] main.c:143> HRCMP 1778615947 71
[19:59:12] main.c:143> HRCMP 1778615949 71
[19:59:12] main.c:143> HRCMP 1778615949 71
[19:59:13] main.c:143> HRCMP 1778615950 71
[19:59:13] main.c:143> HRCMP 1778615950 71
[19:59:14] main.c:143> HRCMP 1778615950 71
[19:59:14] main.c:143> HRCMP 1778615950 71
[19:59:14] main.c:143> HRCMP 1778615951 70
[19:59:14] main.c:143> HRCMP 1778615951 70
[19:59:16] main.c:143> HRCMP 1778615953 71
[19:59:16] main.c:143> HRCMP 1778615953 71
[19:59:17] main.c:143> HRCMP 1778615954 71
[19:59:17] main.c:143> HRCMP 1778615954 71
[19:59:18] main.c:143> HRCMP 1778615954 70
[19:59:18] main.c:143> HRCMP 1778615954 70
[19:59:18] main.c:143> HRCMP 1778615955 71
[19:59:18] main.c:143> HRCMP 1778615955 71
[19:59:20] main.c:143> HRCMP 1778615957 71
[19:59:20] main.c:143> HRCMP 1778615957 71
[19:59:21] main.c:143> HRCMP 1778615958 72
[19:59:21] main.c:143> HRCMP 1778615958 72
[19:59:22] main.c:143> HRCMP 1778615958 71
[19:59:22] main.c:143> HRCMP 1778615958 71
[19:59:22] main.c:143> HRCMP 1778615959 72
[19:59:22] main.c:143> HRCMP 1778615959 72
[19:59:24] main.c:143> HRCMP 1778615961 72
[19:59:24] main.c:143> HRCMP 1778615961 72
[19:59:25] main.c:143> HRCMP 1778615962 72
[19:59:25] main.c:143> HRCMP 1778615962 72
[19:59:26] main.c:143> HRCMP 1778615962 72
[19:59:26] main.c:143> HRCMP 1778615962 72
[19:59:26] main.c:143> HRCMP 1778615963 72
[19:59:26] main.c:143> HRCMP 1778615963 72
[19:59:28] main.c:143> HRCMP 1778615965 72
[19:59:28] main.c:143> HRCMP 1778615965 72
[19:59:29] main.c:143> HRCMP 1778615966 72
[19:59:29] main.c:143> HRCMP 1778615966 72
[19:59:30] main.c:143> HRCMP 1778615966 72
[19:59:30] main.c:143> HRCMP 1778615966 72
[19:59:30] main.c:143> HRCMP 1778615967 73
[19:59:30] main.c:143> HRCMP 1778615967 73
[19:59:32] main.c:143> HRCMP 1778615969 73
[19:59:32] main.c:143> HRCMP 1778615969 73
[19:59:33] main.c:143> HRCMP 1778615970 73
[19:59:33] main.c:143> HRCMP 1778615970 73
[19:59:34] main.c:143> HRCMP 1778615970 74
[19:59:34] main.c:143> HRCMP 1778615970 74
[19:59:34] main.c:143> HRCMP 1778615971 74
[19:59:34] main.c:143> HRCMP 1778615971 74
[19:59:36] main.c:143> HRCMP 1778615973 75
[19:59:36] main.c:143> HRCMP 1778615973 75
[19:59:37] main.c:143> HRCMP 1778615974 75
[19:59:37] main.c:143> HRCMP 1778615974 75
[19:59:38] main.c:143> HRCMP 1778615974 75
[19:59:38] main.c:143> HRCMP 1778615974 75
[19:59:38] main.c:143> HRCMP 1778615975 75
[19:59:38] main.c:143> HRCMP 1778615975 75
[19:59:40] main.c:143> HRCMP 1778615977 76
[19:59:40] main.c:143> HRCMP 1778615977 76
[19:59:41] main.c:143> HRCMP 1778615978 75
[19:59:41] main.c:143> HRCMP 1778615978 75
[19:59:42] main.c:143> HRCMP 1778615978 75
[19:59:42] main.c:143> HRCMP 1778615978 75
[19:59:42] main.c:143> HRCMP 1778615979 74
[19:59:42] main.c:143> HRCMP 1778615979 74
[19:59:44] main.c:143> HRCMP 1778615981 73
[19:59:44] main.c:143> HRCMP 1778615981 73
[19:59:45] main.c:143> HRCMP 1778615982 74
[19:59:45] main.c:143> HRCMP 1778615982 74
[19:59:46] main.c:143> HRCMP 1778615982 74
[19:59:46] main.c:143> HRCMP 1778615982 74
[19:59:46] main.c:143> HRCMP 1778615983 73
[19:59:46] main.c:143> HRCMP 1778615983 73
[19:59:48] main.c:143> HRCMP 1778615985 73
[19:59:48] main.c:143> HRCMP 1778615985 73
[19:59:49] main.c:143> HRCMP 1778615986 73
[19:59:49] main.c:143> HRCMP 1778615986 73
[19:59:50] main.c:143> HRCMP 1778615986 73
[19:59:50] main.c:143> HRCMP 1778615986 73
[19:59:50] main.c:143> HRCMP 1778615987 73
[19:59:50] main.c:143> HRCMP 1778615987 73
[19:59:52] main.c:143> HRCMP 1778615989 74
[19:59:52] main.c:143> HRCMP 1778615989 74
[19:59:53] main.c:143> HRCMP 1778615990 74
[19:59:53] main.c:143> HRCMP 1778615990 74
[19:59:54] main.c:143> HRCMP 1778615990 74
[19:59:54] main.c:143> HRCMP 1778615990 74
[19:59:54] main.c:143> HRCMP 1778615991 73
[19:59:54] main.c:143> HRCMP 1778615991 73
[19:59:56] main.c:143> HRCMP 1778615993 73
[19:59:56] main.c:143> HRCMP 1778615993 73
[19:59:57] main.c:143> HRCMP 1778615994 73
[19:59:57] main.c:143> HRCMP 1778615994 73
[19:59:58] main.c:143> HRCMP 1778615994 73
[19:59:58] main.c:143> HRCMP 1778615994 73
[19:59:58] main.c:143> HRCMP 1778615995 71
[19:59:58] main.c:143> HRCMP 1778615995 71
[20:00:00] main.c:143> HRCMP 1778615997 71
[20:00:00] main.c:143> HRCMP 1778615997 71
[20:00:01] main.c:143> HRCMP 1778615998 71
[20:00:01] main.c:143> HRCMP 1778615998 71
[20:00:02] main.c:143> HRCMP 1778615998 70
[20:00:02] main.c:143> HRCMP 1778615998 70
[20:00:03] main.c:143> HRCMP 1778615999 70
[20:00:03] main.c:143> HRCMP 1778615999 70
[20:00:03] main.c:143> HRCMP 1778616000 70
[20:00:03] main.c:143> HRCMP 1778616000 70
[20:00:03] main.c:143> HRCMP 1778616000 70
[20:00:03] main.c:143> HRCMP 1778616000 70
[20:00:03] pkjs> Glance:107:12) [glance] sent {"WEATHER_TEMP":72,"WEATHER_COND":"Rain"}
[20:00:04] pkjs> Glance:107:12) [glance] sent {"CAL_TITLE":"SQP","CAL_TIME":"10:00a"}
[20:00:04] main.c:143> HRCMP 1778616001 69
[20:00:04] main.c:143> HRCMP 1778616001 69
[20:00:05] main.c:143> HRCMP 1778616002 68
[20:00:05] main.c:143> HRCMP 1778616002 68
[20:00:06] main.c:143> HRCMP 1778616002 68
[20:00:06] main.c:143> HRCMP 1778616002 68
[20:00:06] main.c:143> HRCMP 1778616003 67
[20:00:06] main.c:143> HRCMP 1778616003 67
[20:00:08] main.c:143> HRCMP 1778616005 67
[20:00:08] main.c:143> HRCMP 1778616005 67
[20:00:09] main.c:143> HRCMP 1778616006 67
[20:00:09] main.c:143> HRCMP 1778616006 67
[20:00:09] main.c:143> HRCMP 1778616006 68
[20:00:09] main.c:143> HRCMP 1778616006 68
[20:00:10] main.c:143> HRCMP 1778616007 69
[20:00:10] main.c:143> HRCMP 1778616007 69
[20:00:12] main.c:143> HRCMP 1778616009 69
[20:00:12] main.c:143> HRCMP 1778616009 69
[20:00:13] main.c:143> HRCMP 1778616010 70
[20:00:13] main.c:143> HRCMP 1778616010 70
[20:00:13] main.c:143> HRCMP 1778616010 69
[20:00:13] main.c:143> HRCMP 1778616010 69
[20:00:14] main.c:143> HRCMP 1778616011 69
[20:00:14] main.c:143> HRCMP 1778616011 69
[20:00:16] main.c:143> HRCMP 1778616013 69
[20:00:16] main.c:143> HRCMP 1778616013 69
[20:00:17] main.c:143> HRCMP 1778616014 68
[20:00:17] main.c:143> HRCMP 1778616014 68
[20:00:18] main.c:143> HRCMP 1778616014 68
[20:00:18] main.c:143> HRCMP 1778616014 68
[20:00:18] main.c:143> HRCMP 1778616015 67
[20:00:18] main.c:143> HRCMP 1778616015 67
[20:00:20] main.c:143> HRCMP 1778616017 68
[20:00:20] main.c:143> HRCMP 1778616017 68
[20:00:21] main.c:143> HRCMP 1778616018 68
[20:00:21] main.c:143> HRCMP 1778616018 68
[20:00:22] main.c:143> HRCMP 1778616018 69
[20:00:22] main.c:143> HRCMP 1778616018 69
[20:00:22] main.c:143> HRCMP 1778616019 69
[20:00:22] main.c:143> HRCMP 1778616019 69
[20:00:24] main.c:143> HRCMP 1778616021 69
[20:00:24] main.c:143> HRCMP 1778616021 69
[20:00:25] main.c:143> HRCMP 1778616022 69
[20:00:25] main.c:143> HRCMP 1778616022 69
[20:00:26] main.c:143> HRCMP 1778616022 68
[20:00:26] main.c:143> HRCMP 1778616022 68
[20:00:26] main.c:143> HRCMP 1778616023 67
[20:00:26] main.c:143> HRCMP 1778616023 67
[20:00:28] main.c:143> HRCMP 1778616025 66
[20:00:28] main.c:143> HRCMP 1778616025 66
[20:00:29] main.c:143> HRCMP 1778616026 67
[20:00:29] main.c:143> HRCMP 1778616026 67
[20:00:30] main.c:143> HRCMP 1778616026 67
[20:00:30] main.c:143> HRCMP 1778616026 67
[20:00:31] main.c:143> HRCMP 1778616027 68
[20:00:31] main.c:143> HRCMP 1778616027 68
[20:00:32] main.c:143> HRCMP 1778616029 69
[20:00:32] main.c:143> HRCMP 1778616029 69
[20:00:33] main.c:143> HRCMP 1778616030 70
[20:00:33] main.c:143> HRCMP 1778616030 70
[20:00:33] main.c:143> HRCMP 1778616030 70
[20:00:33] main.c:143> HRCMP 1778616030 70
[20:00:35] main.c:143> HRCMP 1778616031 69
[20:00:35] main.c:143> HRCMP 1778616031 69
[20:00:36] main.c:143> HRCMP 1778616033 69
[20:00:36] main.c:143> HRCMP 1778616033 69
[20:00:37] main.c:143> HRCMP 1778616034 69
[20:00:37] main.c:143> HRCMP 1778616034 69
[20:00:38] main.c:143> HRCMP 1778616034 68
[20:00:38] main.c:143> HRCMP 1778616034 68
[20:00:38] main.c:143> HRCMP 1778616035 68
[20:00:38] main.c:143> HRCMP 1778616035 68
[20:00:40] main.c:143> HRCMP 1778616037 68
[20:00:40] main.c:143> HRCMP 1778616037 68
[20:00:41] main.c:143> HRCMP 1778616038 68
[20:00:41] main.c:143> HRCMP 1778616038 68
[20:00:42] main.c:143> HRCMP 1778616038 68
[20:00:42] main.c:143> HRCMP 1778616038 68
[20:00:42] main.c:143> HRCMP 1778616039 67
[20:00:42] main.c:143> HRCMP 1778616039 67
[20:00:44] main.c:143> HRCMP 1778616041 67
[20:00:44] main.c:143> HRCMP 1778616041 67
[20:00:45] main.c:143> HRCMP 1778616042 67
[20:00:45] main.c:143> HRCMP 1778616042 67
[20:00:46] main.c:143> HRCMP 1778616042 67
[20:00:46] main.c:143> HRCMP 1778616042 67
[20:00:46] main.c:143> HRCMP 1778616043 67
[20:00:46] main.c:143> HRCMP 1778616043 67
[20:00:48] main.c:143> HRCMP 1778616045 67
[20:00:48] main.c:143> HRCMP 1778616045 67
[20:00:49] main.c:143> HRCMP 1778616046 67
[20:00:49] main.c:143> HRCMP 1778616046 67
[20:00:49] main.c:143> HRCMP 1778616046 67
[20:00:49] main.c:143> HRCMP 1778616046 67
[20:00:50] main.c:143> HRCMP 1778616047 67
[20:00:50] main.c:143> HRCMP 1778616047 67
[20:00:52] main.c:143> HRCMP 1778616049 67
[20:00:52] main.c:143> HRCMP 1778616049 67
[20:00:53] main.c:143> HRCMP 1778616050 67
[20:00:53] main.c:143> HRCMP 1778616050 67
[20:00:54] main.c:143> HRCMP 1778616050 67
[20:00:54] main.c:143> HRCMP 1778616050 67
[20:00:54] main.c:143> HRCMP 1778616051 67
[20:00:54] main.c:143> HRCMP 1778616051 67
[20:00:56] main.c:143> HRCMP 1778616053 67
[20:00:56] main.c:143> HRCMP 1778616053 67
[20:00:57] main.c:143> HRCMP 1778616054 66
[20:00:57] main.c:143> HRCMP 1778616054 66
[20:00:58] main.c:143> HRCMP 1778616054 66
[20:00:58] main.c:143> HRCMP 1778616054 66
[20:00:58] main.c:143> HRCMP 1778616055 66
[20:00:58] main.c:143> HRCMP 1778616055 66
[20:01:00] main.c:143> HRCMP 1778616057 66
[20:01:00] main.c:143> HRCMP 1778616057 66
[20:01:01] main.c:143> HRCMP 1778616058 66
[20:01:01] main.c:143> HRCMP 1778616058 66
[20:01:02] main.c:143> HRCMP 1778616058 67
[20:01:02] main.c:143> HRCMP 1778616058 67
[20:01:02] main.c:143> HRCMP 1778616059 68
[20:01:02] main.c:143> HRCMP 1778616059 68
[20:01:03] main.c:143> HRCMP 1778616060 68
[20:01:03] main.c:143> HRCMP 1778616060 68
[20:01:03] main.c:143> HRCMP 1778616060 68
[20:01:03] main.c:143> HRCMP 1778616060 68
[20:01:03] pkjs> Glance:107:12) [glance] sent {"WEATHER_TEMP":72,"WEATHER_COND":"Rain"}
[20:01:04] pkjs> Glance:107:12) [glance] sent {"CAL_TITLE":"SQP","CAL_TIME":"10:00a"}
[20:01:04] main.c:143> HRCMP 1778616061 69
[20:01:04] main.c:143> HRCMP 1778616061 69
[20:01:05] main.c:143> HRCMP 1778616062 69
[20:01:05] main.c:143> HRCMP 1778616062 69
[20:01:06] main.c:143> HRCMP 1778616062 69
[20:01:06] main.c:143> HRCMP 1778616062 69
[20:01:06] main.c:143> HRCMP 1778616063 69
[20:01:06] main.c:143> HRCMP 1778616063 69
[20:01:08] main.c:143> HRCMP 1778616065 69
[20:01:08] main.c:143> HRCMP 1778616065 69
[20:01:09] main.c:143> HRCMP 1778616066 70
[20:01:09] main.c:143> HRCMP 1778616066 70
[20:01:09] main.c:143> HRCMP 1778616066 71
[20:01:09] main.c:143> HRCMP 1778616066 71
[20:01:10] main.c:143> HRCMP 1778616067 72
[20:01:10] main.c:143> HRCMP 1778616067 72
[20:01:12] main.c:143> HRCMP 1778616069 73
[20:01:12] main.c:143> HRCMP 1778616069 73
[20:01:13] main.c:143> HRCMP 1778616070 72
[20:01:13] main.c:143> HRCMP 1778616070 72
[20:01:13] main.c:143> HRCMP 1778616070 71
[20:01:13] main.c:143> HRCMP 1778616070 71
[20:01:15] main.c:143> HRCMP 1778616071 71
[20:01:15] main.c:143> HRCMP 1778616071 71
[20:01:16] main.c:143> HRCMP 1778616073 69
[20:01:16] main.c:143> HRCMP 1778616073 69
[20:01:17] main.c:143> HRCMP 1778616074 68
[20:01:17] main.c:143> HRCMP 1778616074 68
[20:01:18] main.c:143> HRCMP 1778616074 67
[20:01:18] main.c:143> HRCMP 1778616074 67
[20:01:18] main.c:143> HRCMP 1778616075 66
[20:01:18] main.c:143> HRCMP 1778616075 66
[20:01:20] main.c:143> HRCMP 1778616077 66
[20:01:20] main.c:143> HRCMP 1778616077 66
[20:01:21] main.c:143> HRCMP 1778616078 66
[20:01:21] main.c:143> HRCMP 1778616078 66
[20:01:22] main.c:143> HRCMP 1778616078 66
[20:01:22] main.c:143> HRCMP 1778616078 66
[20:01:22] main.c:143> HRCMP 1778616079 66
[20:01:22] main.c:143> HRCMP 1778616079 66
[20:01:24] main.c:143> HRCMP 1778616081 66
[20:01:24] main.c:143> HRCMP 1778616081 66
[20:01:25] main.c:143> HRCMP 1778616082 66
[20:01:25] main.c:143> HRCMP 1778616082 66
[20:01:26] main.c:143> HRCMP 1778616082 66
[20:01:26] main.c:143> HRCMP 1778616082 66
[20:01:26] main.c:143> HRCMP 1778616083 65
[20:01:26] main.c:143> HRCMP 1778616083 65
[20:01:28] main.c:143> HRCMP 1778616085 65
[20:01:28] main.c:143> HRCMP 1778616085 65
[20:01:29] main.c:143> HRCMP 1778616086 65
[20:01:29] main.c:143> HRCMP 1778616086 65
[20:01:29] main.c:143> HRCMP 1778616086 66
[20:01:29] main.c:143> HRCMP 1778616086 66
[20:01:30] main.c:143> HRCMP 1778616087 66
[20:01:30] main.c:143> HRCMP 1778616087 66
[20:01:32] main.c:143> HRCMP 1778616089 66
[20:01:32] main.c:143> HRCMP 1778616089 66
[20:01:33] main.c:143> HRCMP 1778616090 67
[20:01:33] main.c:143> HRCMP 1778616090 67
[20:01:33] main.c:143> HRCMP 1778616090 67
[20:01:33] main.c:143> HRCMP 1778616090 67
[20:01:34] main.c:143> HRCMP 1778616091 68
[20:01:34] main.c:143> HRCMP 1778616091 68
[20:01:36] main.c:143> HRCMP 1778616093 68
[20:01:36] main.c:143> HRCMP 1778616093 68
[20:01:37] main.c:143> HRCMP 1778616094 69
[20:01:37] main.c:143> HRCMP 1778616094 69
[20:01:38] main.c:143> HRCMP 1778616094 68
[20:01:38] main.c:143> HRCMP 1778616094 68
[20:01:38] main.c:143> HRCMP 1778616095 68
[20:01:38] main.c:143> HRCMP 1778616095 68
[20:01:40] main.c:143> HRCMP 1778616097 67
[20:01:40] main.c:143> HRCMP 1778616097 67
[20:01:41] main.c:143> HRCMP 1778616098 67
[20:01:41] main.c:143> HRCMP 1778616098 67
[20:01:42] main.c:143> HRCMP 1778616098 66
[20:01:42] main.c:143> HRCMP 1778616098 66
[20:01:42] main.c:143> HRCMP 1778616099 66
[20:01:42] main.c:143> HRCMP 1778616099 66
[20:01:44] main.c:143> HRCMP 1778616101 66
[20:01:44] main.c:143> HRCMP 1778616101 66
[20:01:45] main.c:143> HRCMP 1778616102 66
[20:01:45] main.c:143> HRCMP 1778616102 66
[20:01:45] main.c:143> HRCMP 1778616102 67
[20:01:45] main.c:143> HRCMP 1778616102 67
[20:01:46] main.c:143> HRCMP 1778616103 67
[20:01:46] main.c:143> HRCMP 1778616103 67
[20:01:48] main.c:143> HRCMP 1778616105 68
[20:01:48] main.c:143> HRCMP 1778616105 68
[20:01:49] main.c:143> HRCMP 1778616106 69
[20:01:49] main.c:143> HRCMP 1778616106 69
[20:01:49] main.c:143> HRCMP 1778616106 70
[20:01:49] main.c:143> HRCMP 1778616106 70
[20:01:50] main.c:143> HRCMP 1778616107 71
[20:01:50] main.c:143> HRCMP 1778616107 71
[20:01:52] main.c:143> HRCMP 1778616109 70
[20:01:52] main.c:143> HRCMP 1778616109 70
[20:01:53] main.c:143> HRCMP 1778616110 70
[20:01:53] main.c:143> HRCMP 1778616110 70
[20:01:53] main.c:143> HRCMP 1778616110 71
[20:01:53] main.c:143> HRCMP 1778616110 71
[20:01:54] main.c:143> HRCMP 1778616111 71
[20:01:54] main.c:143> HRCMP 1778616111 71
[20:01:56] main.c:143> HRCMP 1778616113 71
[20:01:56] main.c:143> HRCMP 1778616113 71
[20:01:57] main.c:143> HRCMP 1778616114 71
[20:01:57] main.c:143> HRCMP 1778616114 71
[20:01:58] main.c:143> HRCMP 1778616114 72
[20:01:58] main.c:143> HRCMP 1778616114 72
[20:01:58] main.c:143> HRCMP 1778616115 72
[20:01:58] main.c:143> HRCMP 1778616115 72
[20:02:00] main.c:143> HRCMP 1778616117 72
[20:02:00] main.c:143> HRCMP 1778616117 72
[20:02:01] main.c:143> HRCMP 1778616118 73
[20:02:01] main.c:143> HRCMP 1778616118 73
[20:02:02] main.c:143> HRCMP 1778616118 73
[20:02:02] main.c:143> HRCMP 1778616118 73
[20:02:02] main.c:143> HRCMP 1778616119 73
[20:02:02] main.c:143> HRCMP 1778616119 73
[20:02:03] main.c:143> HRCMP 1778616120 73
[20:02:03] main.c:143> HRCMP 1778616120 73
[20:02:03] main.c:143> HRCMP 1778616120 73
[20:02:03] main.c:143> HRCMP 1778616120 73
[20:02:04] pkjs> Glance:107:12) [glance] sent {"WEATHER_TEMP":72,"WEATHER_COND":"Rain"}
[20:02:04] main.c:143> HRCMP 1778616121 72
[20:02:04] main.c:143> HRCMP 1778616121 72
[20:02:04] pkjs> Glance:107:12) [glance] sent {"CAL_TITLE":"SQP","CAL_TIME":"10:00a"}
[20:02:05] main.c:143> HRCMP 1778616122 73
[20:02:05] main.c:143> HRCMP 1778616122 73
[20:02:05] main.c:143> HRCMP 1778616122 73
[20:02:05] main.c:143> HRCMP 1778616122 73
[20:02:06] main.c:143> HRCMP 1778616123 73
[20:02:06] main.c:143> HRCMP 1778616123 73
[20:02:08] main.c:143> HRCMP 1778616125 74
[20:02:08] main.c:143> HRCMP 1778616125 74
[20:02:09] main.c:143> HRCMP 1778616126 73
[20:02:09] main.c:143> HRCMP 1778616126 73
[20:02:09] main.c:143> HRCMP 1778616126 74
[20:02:09] main.c:143> HRCMP 1778616126 74
[20:02:10] main.c:143> HRCMP 1778616127 74
[20:02:10] main.c:143> HRCMP 1778616127 74
[20:02:12] main.c:143> HRCMP 1778616129 74
[20:02:12] main.c:143> HRCMP 1778616129 74
[20:02:13] main.c:143> HRCMP 1778616130 73
[20:02:13] main.c:143> HRCMP 1778616130 73
[20:02:14] main.c:143> HRCMP 1778616130 73
[20:02:14] main.c:143> HRCMP 1778616130 73
[20:02:14] main.c:143> HRCMP 1778616131 74
[20:02:14] main.c:143> HRCMP 1778616131 74
[20:02:16] main.c:143> HRCMP 1778616133 73
[20:02:16] main.c:143> HRCMP 1778616133 73
[20:02:17] main.c:143> HRCMP 1778616134 72
[20:02:17] main.c:143> HRCMP 1778616134 72
[20:02:18] main.c:143> HRCMP 1778616134 73
[20:02:18] main.c:143> HRCMP 1778616134 73
[20:02:18] main.c:143> HRCMP 1778616135 72
[20:02:18] main.c:143> HRCMP 1778616135 72
[20:02:20] main.c:143> HRCMP 1778616137 72
[20:02:20] main.c:143> HRCMP 1778616137 72
[20:02:21] main.c:143> HRCMP 1778616138 72
[20:02:21] main.c:143> HRCMP 1778616138 72
[20:02:21] main.c:143> HRCMP 1778616138 72
[20:02:21] main.c:143> HRCMP 1778616138 72
[20:02:22] main.c:143> HRCMP 1778616139 72
[20:02:22] main.c:143> HRCMP 1778616139 72
[20:02:24] main.c:143> HRCMP 1778616141 71
[20:02:24] main.c:143> HRCMP 1778616141 71
[20:02:25] main.c:143> HRCMP 1778616141 71
[20:02:25] main.c:143> HRCMP 1778616141 71
[20:02:25] main.c:143> HRCMP 1778616142 71
[20:02:25] main.c:143> HRCMP 1778616142 71
[20:02:26] main.c:143> HRCMP 1778616143 72
[20:02:26] main.c:143> HRCMP 1778616143 72
[20:02:28] main.c:143> HRCMP 1778616145 73
[20:02:28] main.c:143> HRCMP 1778616145 73
[20:02:29] main.c:143> HRCMP 1778616145 73
[20:02:29] main.c:143> HRCMP 1778616145 73
[20:02:29] main.c:143> HRCMP 1778616146 73
[20:02:29] main.c:143> HRCMP 1778616146 73
[20:02:30] main.c:143> HRCMP 1778616147 73
[20:02:30] main.c:143> HRCMP 1778616147 73
[20:02:32] main.c:143> HRCMP 1778616149 72
[20:02:32] main.c:143> HRCMP 1778616149 72
[20:02:33] main.c:143> HRCMP 1778616149 72
[20:02:33] main.c:143> HRCMP 1778616149 72
[20:02:34] main.c:143> HRCMP 1778616150 72
[20:02:34] main.c:143> HRCMP 1778616150 72
[20:02:34] main.c:143> HRCMP 1778616151 73
[20:02:34] main.c:143> HRCMP 1778616151 73
[20:02:36] main.c:143> HRCMP 1778616153 73
[20:02:36] main.c:143> HRCMP 1778616153 73
[20:02:37] main.c:143> HRCMP 1778616153 73
[20:02:37] main.c:143> HRCMP 1778616153 73
[20:02:37] main.c:143> HRCMP 1778616154 73
[20:02:37] main.c:143> HRCMP 1778616154 73
[20:02:38] main.c:143> HRCMP 1778616155 73
[20:02:38] main.c:143> HRCMP 1778616155 73
[20:02:40] main.c:143> HRCMP 1778616157 73
[20:02:40] main.c:143> HRCMP 1778616157 73
[20:02:41] main.c:143> HRCMP 1778616157 72
[20:02:41] main.c:143> HRCMP 1778616157 72
[20:02:42] main.c:143> HRCMP 1778616158 72
[20:02:42] main.c:143> HRCMP 1778616158 72
[20:02:42] main.c:143> HRCMP 1778616159 72
[20:02:42] main.c:143> HRCMP 1778616159 72
[20:02:44] main.c:143> HRCMP 1778616161 73
[20:02:44] main.c:143> HRCMP 1778616161 73
[20:02:45] main.c:143> HRCMP 1778616161 72
[20:02:45] main.c:143> HRCMP 1778616161 72
[20:02:45] main.c:143> HRCMP 1778616162 72
[20:02:45] main.c:143> HRCMP 1778616162 72
[20:02:46] main.c:143> HRCMP 1778616163 73
[20:02:46] main.c:143> HRCMP 1778616163 73
[20:02:48] main.c:143> HRCMP 1778616165 73
[20:02:48] main.c:143> HRCMP 1778616165 73
[20:02:49] main.c:143> HRCMP 1778616165 73
[20:02:49] main.c:143> HRCMP 1778616165 73
[20:02:49] main.c:143> HRCMP 1778616166 74
[20:02:49] main.c:143> HRCMP 1778616166 74
[20:02:50] main.c:143> HRCMP 1778616167 73
[20:02:50] main.c:143> HRCMP 1778616167 73
[20:02:52] main.c:143> HRCMP 1778616169 74
[20:02:52] main.c:143> HRCMP 1778616169 74
[20:02:53] main.c:143> HRCMP 1778616169 73
[20:02:53] main.c:143> HRCMP 1778616169 73
[20:02:53] main.c:143> HRCMP 1778616170 73
[20:02:53] main.c:143> HRCMP 1778616170 73
[20:02:54] main.c:143> HRCMP 1778616171 72
[20:02:54] main.c:143> HRCMP 1778616171 72
[20:02:56] main.c:143> HRCMP 1778616173 71
[20:02:56] main.c:143> HRCMP 1778616173 71
[20:02:57] main.c:143> HRCMP 1778616173 71
[20:02:57] main.c:143> HRCMP 1778616173 71
[20:02:57] main.c:143> HRCMP 1778616174 71
[20:02:57] main.c:143> HRCMP 1778616174 71
[20:02:58] main.c:143> HRCMP 1778616175 71
[20:02:58] main.c:143> HRCMP 1778616175 71
[20:03:00] main.c:143> HRCMP 1778616177 70
[20:03:00] main.c:143> HRCMP 1778616177 70
[20:03:01] main.c:143> HRCMP 1778616177 70
[20:03:01] main.c:143> HRCMP 1778616177 70
[20:03:01] main.c:143> HRCMP 1778616178 69
[20:03:01] main.c:143> HRCMP 1778616178 69
[20:03:02] main.c:143> HRCMP 1778616179 69
[20:03:02] main.c:143> HRCMP 1778616179 69
[20:03:03] main.c:143> HRCMP 1778616180 69
[20:03:03] main.c:143> HRCMP 1778616180 69
[20:03:03] main.c:143> HRCMP 1778616180 69
[20:03:03] main.c:143> HRCMP 1778616180 69
[20:03:04] pkjs> Glance:107:12) [glance] sent {"WEATHER_TEMP":72,"WEATHER_COND":"Rain"}
[20:03:04] main.c:143> HRCMP 1778616181 68
[20:03:04] main.c:143> HRCMP 1778616181 68
[20:03:04] pkjs> Glance:107:12) [glance] sent {"CAL_TITLE":"SQP","CAL_TIME":"10:00a"}
[20:03:05] main.c:143> HRCMP 1778616182 68
[20:03:05] main.c:143> HRCMP 1778616182 68
[20:03:06] main.c:143> HRCMP 1778616182 68
[20:03:06] main.c:143> HRCMP 1778616182 68
[20:03:06] main.c:143> HRCMP 1778616183 68
[20:03:06] main.c:143> HRCMP 1778616183 68
[20:03:07] main.c:143> HRCMP 1778616184 68
[20:03:07] main.c:143> HRCMP 1778616184 68
[20:03:09] main.c:143> HRCMP 1778616186 68
[20:03:09] main.c:143> HRCMP 1778616186 68
[20:03:10] main.c:143> HRCMP 1778616186 69
[20:03:10] main.c:143> HRCMP 1778616186 69
[20:03:10] main.c:143> HRCMP 1778616187 70
[20:03:10] main.c:143> HRCMP 1778616187 70
[20:03:11] main.c:143> HRCMP 1778616188 70
[20:03:11] main.c:143> HRCMP 1778616188 70
[20:03:13] main.c:143> HRCMP 1778616190 71
[20:03:13] main.c:143> HRCMP 1778616190 71
[20:03:13] main.c:143> HRCMP 1778616190 71
[20:03:13] main.c:143> HRCMP 1778616190 71
[20:03:14] main.c:143> HRCMP 1778616191 71
[20:03:14] main.c:143> HRCMP 1778616191 71
[20:03:15] main.c:143> HRCMP 1778616192 73
[20:03:15] main.c:143> HRCMP 1778616192 73
[20:03:17] main.c:143> HRCMP 1778616194 73
[20:03:17] main.c:143> HRCMP 1778616194 73
[20:03:17] main.c:143> HRCMP 1778616194 74
[20:03:17] main.c:143> HRCMP 1778616194 74
[20:03:19] main.c:143> HRCMP 1778616195 74
[20:03:19] main.c:143> HRCMP 1778616195 74
[20:03:19] main.c:143> HRCMP 1778616196 74
[20:03:19] main.c:143> HRCMP 1778616196 74
[20:03:21] main.c:143> HRCMP 1778616198 74
[20:03:21] main.c:143> HRCMP 1778616198 74
[20:03:22] main.c:143> HRCMP 1778616198 73
[20:03:22] main.c:143> HRCMP 1778616198 73
[20:03:22] main.c:143> HRCMP 1778616199 73
[20:03:22] main.c:143> HRCMP 1778616199 73
[20:03:23] main.c:143> HRCMP 1778616200 73
[20:03:23] main.c:143> HRCMP 1778616200 73
[20:03:25] main.c:143> HRCMP 1778616202 73
[20:03:25] main.c:143> HRCMP 1778616202 73
[20:03:26] main.c:143> HRCMP 1778616202 72
[20:03:26] main.c:143> HRCMP 1778616202 72
[20:03:26] main.c:143> HRCMP 1778616203 73
[20:03:26] main.c:143> HRCMP 1778616203 73
[20:03:27] main.c:143> HRCMP 1778616204 73
[20:03:27] main.c:143> HRCMP 1778616204 73
[20:03:29] main.c:143> HRCMP 1778616206 72
[20:03:29] main.c:143> HRCMP 1778616206 72
[20:03:30] main.c:143> HRCMP 1778616206 72
[20:03:30] main.c:143> HRCMP 1778616206 72
[20:03:30] main.c:143> HRCMP 1778616207 72
[20:03:30] main.c:143> HRCMP 1778616207 72
[20:03:31] main.c:143> HRCMP 1778616208 71
[20:03:31] main.c:143> HRCMP 1778616208 71
[20:03:33] main.c:143> HRCMP 1778616210 71
[20:03:33] main.c:143> HRCMP 1778616210 71
[20:03:34] main.c:143> HRCMP 1778616210 71
[20:03:34] main.c:143> HRCMP 1778616210 71
[20:03:34] main.c:143> HRCMP 1778616211 72
[20:03:34] main.c:143> HRCMP 1778616211 72
[20:03:35] main.c:143> HRCMP 1778616212 72
[20:03:35] main.c:143> HRCMP 1778616212 72
[20:03:37] main.c:143> HRCMP 1778616214 71
[20:03:37] main.c:143> HRCMP 1778616214 71
[20:03:37] main.c:143> HRCMP 1778616214 71
[20:03:37] main.c:143> HRCMP 1778616214 71
[20:03:38] main.c:143> HRCMP 1778616215 72
[20:03:38] main.c:143> HRCMP 1778616215 72
[20:03:39] main.c:143> HRCMP 1778616216 71
[20:03:39] main.c:143> HRCMP 1778616216 71
[20:03:41] main.c:143> HRCMP 1778616218 71
[20:03:41] main.c:143> HRCMP 1778616218 71
[20:03:42] main.c:143> HRCMP 1778616218 72
[20:03:42] main.c:143> HRCMP 1778616218 72
[20:03:42] main.c:143> HRCMP 1778616219 73
[20:03:42] main.c:143> HRCMP 1778616219 73
[20:03:43] main.c:143> HRCMP 1778616220 73
[20:03:43] main.c:143> HRCMP 1778616220 73
[20:03:45] main.c:143> HRCMP 1778616222 75
[20:03:45] main.c:143> HRCMP 1778616222 75
[20:03:46] main.c:143> HRCMP 1778616222 74
[20:03:46] main.c:143> HRCMP 1778616222 74
[20:03:46] main.c:143> HRCMP 1778616223 73
[20:03:46] main.c:143> HRCMP 1778616223 73
[20:03:47] main.c:143> HRCMP 1778616224 72
[20:03:47] main.c:143> HRCMP 1778616224 72
[20:03:49] main.c:143> HRCMP 1778616226 72
[20:03:49] main.c:143> HRCMP 1778616226 72
[20:03:49] main.c:143> HRCMP 1778616226 72
[20:03:49] main.c:143> HRCMP 1778616226 72
[20:03:50] main.c:143> HRCMP 1778616227 71
[20:03:50] main.c:143> HRCMP 1778616227 71
[20:03:51] main.c:143> HRCMP 1778616228 71
[20:03:51] main.c:143> HRCMP 1778616228 71
[20:03:53] main.c:143> HRCMP 1778616230 70
[20:03:53] main.c:143> HRCMP 1778616230 70
[20:03:53] main.c:143> HRCMP 1778616230 70
[20:03:53] main.c:143> HRCMP 1778616230 70
[20:03:54] main.c:143> HRCMP 1778616231 70
[20:03:54] main.c:143> HRCMP 1778616231 70
[20:03:55] main.c:143> HRCMP 1778616232 70
[20:03:55] main.c:143> HRCMP 1778616232 70
[20:03:57] main.c:143> HRCMP 1778616234 70
[20:03:57] main.c:143> HRCMP 1778616234 70
[20:03:57] main.c:143> HRCMP 1778616234 70
[20:03:57] main.c:143> HRCMP 1778616234 70
[20:03:58] main.c:143> HRCMP 1778616235 71
[20:03:58] main.c:143> HRCMP 1778616235 71
[20:03:59] main.c:143> HRCMP 1778616236 71
[20:03:59] main.c:143> HRCMP 1778616236 71
[20:04:01] main.c:143> HRCMP 1778616238 71
[20:04:01] main.c:143> HRCMP 1778616238 71
[20:04:02] main.c:143> HRCMP 1778616238 71
[20:04:02] main.c:143> HRCMP 1778616238 71
[20:04:02] main.c:143> HRCMP 1778616239 71
[20:04:02] main.c:143> HRCMP 1778616239 71
[20:04:03] main.c:143> HRCMP 1778616240 71
[20:04:03] main.c:143> HRCMP 1778616240 71
[20:04:03] main.c:143> HRCMP 1778616240 71
[20:04:03] main.c:143> HRCMP 1778616240 71
[20:04:03] main.c:143> HRCMP 1778616240 71
[20:04:03] main.c:143> HRCMP 1778616240 71
[20:04:04] pkjs> Glance:107:12) [glance] sent {"WEATHER_TEMP":72,"WEATHER_COND":"Rain"}
[20:04:04] pkjs> Glance:107:12) [glance] sent {"CAL_TITLE":"SQP","CAL_TIME":"10:00a"}
[20:04:05] main.c:143> HRCMP 1778616242 71
[20:04:05] main.c:143> HRCMP 1778616242 71
[20:04:05] main.c:143> HRCMP 1778616242 71
[20:04:05] main.c:143> HRCMP 1778616242 71
[20:04:06] main.c:143> HRCMP 1778616243 72
[20:04:06] main.c:143> HRCMP 1778616243 72
[20:04:07] main.c:143> HRCMP 1778616244 72
[20:04:07] main.c:143> HRCMP 1778616244 72
[20:04:09] main.c:143> HRCMP 1778616246 72
[20:04:09] main.c:143> HRCMP 1778616246 72
[20:04:09] main.c:143> HRCMP 1778616246 71
[20:04:09] main.c:143> HRCMP 1778616246 71
[20:04:10] main.c:143> HRCMP 1778616247 71
[20:04:10] main.c:143> HRCMP 1778616247 71
[20:04:11] main.c:143> HRCMP 1778616248 70
[20:04:11] main.c:143> HRCMP 1778616248 70
[20:04:13] main.c:143> HRCMP 1778616250 70
[20:04:13] main.c:143> HRCMP 1778616250 70
[20:04:13] main.c:143> HRCMP 1778616250 70
[20:04:13] main.c:143> HRCMP 1778616250 70
[20:04:14] main.c:143> HRCMP 1778616251 70
[20:04:14] main.c:143> HRCMP 1778616251 70
[20:04:15] main.c:143> HRCMP 1778616252 70
[20:04:15] main.c:143> HRCMP 1778616252 70
[20:04:17] main.c:143> HRCMP 1778616254 70
[20:04:17] main.c:143> HRCMP 1778616254 70
[20:04:17] main.c:143> HRCMP 1778616254 71
[20:04:17] main.c:143> HRCMP 1778616254 71
[20:04:18] main.c:143> HRCMP 1778616255 71
[20:04:18] main.c:143> HRCMP 1778616255 71
[20:04:19] main.c:143> HRCMP 1778616256 71
[20:04:19] main.c:143> HRCMP 1778616256 71
[20:04:21] main.c:143> HRCMP 1778616258 71
[20:04:21] main.c:143> HRCMP 1778616258 71
[20:04:22] main.c:143> HRCMP 1778616258 71
[20:04:22] main.c:143> HRCMP 1778616258 71
[20:04:22] main.c:143> HRCMP 1778616259 71
[20:04:22] main.c:143> HRCMP 1778616259 71
[20:04:23] main.c:143> HRCMP 1778616260 71
[20:04:23] main.c:143> HRCMP 1778616260 71
[20:04:25] main.c:143> HRCMP 1778616262 71
[20:04:25] main.c:143> HRCMP 1778616262 71
[20:04:25] main.c:143> HRCMP 1778616262 71
[20:04:25] main.c:143> HRCMP 1778616262 71
[20:04:26] main.c:143> HRCMP 1778616263 71
[20:04:26] main.c:143> HRCMP 1778616263 71
[20:04:27] main.c:143> HRCMP 1778616264 72
[20:04:27] main.c:143> HRCMP 1778616264 72
[20:04:29] main.c:143> HRCMP 1778616265 72
[20:04:29] main.c:143> HRCMP 1778616265 72
[20:04:29] main.c:143> HRCMP 1778616266 72
[20:04:29] main.c:143> HRCMP 1778616266 72
[20:04:30] main.c:143> HRCMP 1778616267 73
[20:04:30] main.c:143> HRCMP 1778616267 73
[20:04:31] main.c:143> HRCMP 1778616268 73
[20:04:31] main.c:143> HRCMP 1778616268 73
[20:04:33] main.c:143> HRCMP 1778616269 73
[20:04:33] main.c:143> HRCMP 1778616269 73
[20:04:33] main.c:143> HRCMP 1778616270 73
[20:04:33] main.c:143> HRCMP 1778616270 73
[20:04:34] main.c:143> HRCMP 1778616271 73
[20:04:34] main.c:143> HRCMP 1778616271 73
[20:04:35] main.c:143> HRCMP 1778616272 72
[20:04:35] main.c:143> HRCMP 1778616272 72
[20:04:37] main.c:143> HRCMP 1778616273 72
[20:04:37] main.c:143> HRCMP 1778616273 72
[20:04:37] main.c:143> HRCMP 1778616274 72
[20:04:37] main.c:143> HRCMP 1778616274 72
[20:04:38] main.c:143> HRCMP 1778616275 72
[20:04:38] main.c:143> HRCMP 1778616275 72
[20:04:39] main.c:143> HRCMP 1778616276 73
[20:04:39] main.c:143> HRCMP 1778616276 73
[20:04:41] main.c:143> HRCMP 1778616277 73
[20:04:41] main.c:143> HRCMP 1778616277 73
[20:04:42] main.c:143> HRCMP 1778616278 74
[20:04:42] main.c:143> HRCMP 1778616278 74
[20:04:42] main.c:143> HRCMP 1778616279 74
[20:04:42] main.c:143> HRCMP 1778616279 74
[20:04:43] main.c:143> HRCMP 1778616280 73
[20:04:43] main.c:143> HRCMP 1778616280 73
[20:04:45] main.c:143> HRCMP 1778616281 73
[20:04:45] main.c:143> HRCMP 1778616281 73
[20:04:46] main.c:143> HRCMP 1778616282 73
[20:04:46] main.c:143> HRCMP 1778616282 73
[20:04:46] main.c:143> HRCMP 1778616283 73
[20:04:46] main.c:143> HRCMP 1778616283 73
[20:04:47] main.c:143> HRCMP 1778616284 73
[20:04:47] main.c:143> HRCMP 1778616284 73
[20:04:49] main.c:143> HRCMP 1778616285 73
[20:04:49] main.c:143> HRCMP 1778616285 73
[20:04:49] main.c:143> HRCMP 1778616286 73
[20:04:49] main.c:143> HRCMP 1778616286 73
[20:04:51] main.c:143> HRCMP 1778616287 72
[20:04:51] main.c:143> HRCMP 1778616287 72
[20:04:51] main.c:143> HRCMP 1778616288 72
[20:04:51] main.c:143> HRCMP 1778616288 72
[20:04:53] main.c:143> HRCMP 1778616289 72
[20:04:53] main.c:143> HRCMP 1778616289 72
[20:04:53] main.c:143> HRCMP 1778616290 72
[20:04:53] main.c:143> HRCMP 1778616290 72
[20:04:54] main.c:143> HRCMP 1778616291 73
[20:04:54] main.c:143> HRCMP 1778616291 73
[20:04:55] main.c:143> HRCMP 1778616292 74
[20:04:55] main.c:143> HRCMP 1778616292 74
[20:04:57] main.c:143> HRCMP 1778616293 75
[20:04:57] main.c:143> HRCMP 1778616293 75
[20:04:57] main.c:143> HRCMP 1778616294 75
[20:04:57] main.c:143> HRCMP 1778616294 75
[20:04:58] main.c:143> HRCMP 1778616295 76
[20:04:58] main.c:143> HRCMP 1778616295 76
[20:04:59] main.c:143> HRCMP 1778616296 75
[20:04:59] main.c:143> HRCMP 1778616296 75
[20:05:01] main.c:143> HRCMP 1778616297 75
[20:05:01] main.c:143> HRCMP 1778616297 75
[20:05:01] main.c:143> HRCMP 1778616298 75
[20:05:01] main.c:143> HRCMP 1778616298 75
[20:05:02] main.c:143> HRCMP 1778616299 74
[20:05:02] main.c:143> HRCMP 1778616299 74
[20:05:03] main.c:143> HRCMP 1778616300 74
[20:05:03] main.c:143> HRCMP 1778616300 74
[20:05:03] main.c:143> HRCMP 1778616300 74
[20:05:03] main.c:143> HRCMP 1778616300 74
[20:05:03] main.c:143> HRCMP 1778616300 74
[20:05:03] main.c:143> HRCMP 1778616300 74
[20:05:04] pkjs> Glance:107:12) [glance] sent {"WEATHER_TEMP":72,"WEATHER_COND":"Rain"}
[20:05:05] pkjs> Glance:107:12) [glance] sent {"CAL_TITLE":"SQP","CAL_TIME":"10:00a"}
[20:05:05] main.c:143> HRCMP 1778616301 74
[20:05:05] main.c:143> HRCMP 1778616301 74
[20:05:05] main.c:143> HRCMP 1778616302 74
[20:05:05] main.c:143> HRCMP 1778616302 74
[20:05:06] main.c:143> HRCMP 1778616303 72
[20:05:06] main.c:143> HRCMP 1778616303 72
[20:05:07] main.c:143> HRCMP 1778616304 72
[20:05:07] main.c:143> HRCMP 1778616304 72
[20:05:09] main.c:143> HRCMP 1778616305 71
[20:05:09] main.c:143> HRCMP 1778616305 71
[20:05:09] main.c:143> HRCMP 1778616306 70
[20:05:09] main.c:143> HRCMP 1778616306 70
[20:05:10] main.c:143> HRCMP 1778616307 70
[20:05:10] main.c:143> HRCMP 1778616307 70
[20:05:11] main.c:143> HRCMP 1778616308 70
[20:05:11] main.c:143> HRCMP 1778616308 70
[20:05:13] main.c:143> HRCMP 1778616309 69
[20:05:13] main.c:143> HRCMP 1778616309 69
[20:05:13] main.c:143> HRCMP 1778616310 69
[20:05:13] main.c:143> HRCMP 1778616310 69
[20:05:14] main.c:143> HRCMP 1778616311 69
[20:05:14] main.c:143> HRCMP 1778616311 69
[20:05:15] main.c:143> HRCMP 1778616312 69
[20:05:15] main.c:143> HRCMP 1778616312 69
[20:05:17] main.c:143> HRCMP 1778616313 69
[20:05:17] main.c:143> HRCMP 1778616313 69
[20:05:17] main.c:143> HRCMP 1778616314 69
[20:05:17] main.c:143> HRCMP 1778616314 69
[20:05:18] main.c:143> HRCMP 1778616315 68
[20:05:18] main.c:143> HRCMP 1778616315 68
[20:05:19] main.c:143> HRCMP 1778616316 68
[20:05:19] main.c:143> HRCMP 1778616316 68
[20:05:21] main.c:143> HRCMP 1778616317 68
[20:05:21] main.c:143> HRCMP 1778616317 68
[20:05:21] main.c:143> HRCMP 1778616318 67
[20:05:21] main.c:143> HRCMP 1778616318 67
[20:05:22] main.c:143> HRCMP 1778616319 67
[20:05:22] main.c:143> HRCMP 1778616319 67
[20:05:23] main.c:143> HRCMP 1778616320 67
[20:05:23] main.c:143> HRCMP 1778616320 67
[20:05:25] main.c:143> HRCMP 1778616321 66
[20:05:25] main.c:143> HRCMP 1778616321 66
[20:05:25] main.c:143> HRCMP 1778616322 66
[20:05:25] main.c:143> HRCMP 1778616322 66
[20:05:26] main.c:143> HRCMP 1778616323 66
[20:05:26] main.c:143> HRCMP 1778616323 66
[20:05:27] main.c:143> HRCMP 1778616324 66
[20:05:27] main.c:143> HRCMP 1778616324 66
[20:05:28] main.c:143> HRCMP 1778616325 66
[20:05:28] main.c:143> HRCMP 1778616325 66
[20:05:29] main.c:143> HRCMP 1778616326 67
[20:05:29] main.c:143> HRCMP 1778616326 67
[20:05:30] main.c:143> HRCMP 1778616327 67
[20:05:30] main.c:143> HRCMP 1778616327 67
[20:05:31] main.c:143> HRCMP 1778616328 68
[20:05:31] main.c:143> HRCMP 1778616328 68
[20:05:33] main.c:143> HRCMP 1778616329 68
[20:05:33] main.c:143> HRCMP 1778616329 68
[20:05:33] main.c:143> HRCMP 1778616330 68
[20:05:33] main.c:143> HRCMP 1778616330 68
[20:05:34] main.c:143> HRCMP 1778616331 67
[20:05:34] main.c:143> HRCMP 1778616331 67
[20:05:35] main.c:143> HRCMP 1778616332 67
[20:05:35] main.c:143> HRCMP 1778616332 67
[20:05:37] main.c:143> HRCMP 1778616333 66
[20:05:37] main.c:143> HRCMP 1778616333 66
[20:05:37] main.c:143> HRCMP 1778616334 66
[20:05:37] main.c:143> HRCMP 1778616334 66
[20:05:38] main.c:143> HRCMP 1778616335 67
[20:05:38] main.c:143> HRCMP 1778616335 67
[20:05:39] main.c:143> HRCMP 1778616336 67
[20:05:39] main.c:143> HRCMP 1778616336 67
[20:05:41] main.c:143> HRCMP 1778616337 68
[20:05:41] main.c:143> HRCMP 1778616337 68
[20:05:42] main.c:143> HRCMP 1778616338 69
[20:05:42] main.c:143> HRCMP 1778616338 69
[20:05:42] main.c:143> HRCMP 1778616339 70
[20:05:42] main.c:143> HRCMP 1778616339 70
[20:05:43] main.c:143> HRCMP 1778616340 71
[20:05:43] main.c:143> HRCMP 1778616340 71
[20:05:45] main.c:143> HRCMP 1778616341 73
[20:05:45] main.c:143> HRCMP 1778616341 73
[20:05:46] main.c:143> HRCMP 1778616342 73
[20:05:46] main.c:143> HRCMP 1778616342 73
[20:05:46] main.c:143> HRCMP 1778616343 74
[20:05:46] main.c:143> HRCMP 1778616343 74
[20:05:47] main.c:143> HRCMP 1778616344 74
[20:05:47] main.c:143> HRCMP 1778616344 74
[20:05:48] main.c:143> HRCMP 1778616345 74
[20:05:48] main.c:143> HRCMP 1778616345 74
[20:05:49] main.c:143> HRCMP 1778616346 74
[20:05:49] main.c:143> HRCMP 1778616346 74
[20:05:50] main.c:143> HRCMP 1778616347 74
[20:05:50] main.c:143> HRCMP 1778616347 74
[20:05:51] main.c:143> HRCMP 1778616348 74
[20:05:51] main.c:143> HRCMP 1778616348 74
[20:05:53] main.c:143> HRCMP 1778616349 75
[20:05:53] main.c:143> HRCMP 1778616349 75
[20:05:53] main.c:143> HRCMP 1778616350 75
[20:05:53] main.c:143> HRCMP 1778616350 75
[20:05:54] main.c:143> HRCMP 1778616351 74
[20:05:54] main.c:143> HRCMP 1778616351 74
[20:05:55] main.c:143> HRCMP 1778616352 74
[20:05:55] main.c:143> HRCMP 1778616352 74
[20:05:57] main.c:143> HRCMP 1778616353 74
[20:05:57] main.c:143> HRCMP 1778616353 74
[20:05:57] main.c:143> HRCMP 1778616354 74
[20:05:57] main.c:143> HRCMP 1778616354 74
[20:05:58] main.c:143> HRCMP 1778616355 73
[20:05:58] main.c:143> HRCMP 1778616355 73
[20:05:59] main.c:143> HRCMP 1778616356 74
[20:05:59] main.c:143> HRCMP 1778616356 74
[20:06:01] main.c:143> HRCMP 1778616357 74
[20:06:01] main.c:143> HRCMP 1778616357 74
[20:06:01] main.c:143> HRCMP 1778616358 75
[20:06:01] main.c:143> HRCMP 1778616358 75
[20:06:02] main.c:143> HRCMP 1778616359 76
[20:06:02] main.c:143> HRCMP 1778616359 76
[20:06:03] main.c:143> HRCMP 1778616360 77
[20:06:03] main.c:143> HRCMP 1778616360 77
[20:06:04] main.c:143> HRCMP 1778616360 77
[20:06:04] main.c:143> HRCMP 1778616360 77
[20:06:04] main.c:143> HRCMP 1778616360 77
[20:06:04] main.c:143> HRCMP 1778616360 77
[20:06:04] pkjs> Glance:107:12) [glance] sent {"WEATHER_TEMP":72,"WEATHER_COND":"Rain"}
[20:06:05] pkjs> Glance:107:12) [glance] sent {"CAL_TITLE":"SQP","CAL_TIME":"10:00a"}
[20:06:05] main.c:143> HRCMP 1778616361 78
[20:06:05] main.c:143> HRCMP 1778616361 78
[20:06:05] main.c:143> HRCMP 1778616362 78
[20:06:05] main.c:143> HRCMP 1778616362 78
[20:06:06] main.c:143> HRCMP 1778616363 78
[20:06:06] main.c:143> HRCMP 1778616363 78
[20:06:07] main.c:143> HRCMP 1778616364 78
[20:06:07] main.c:143> HRCMP 1778616364 78
[20:06:09] main.c:143> HRCMP 1778616365 78
[20:06:09] main.c:143> HRCMP 1778616365 78
[20:06:09] main.c:143> HRCMP 1778616366 78
[20:06:09] main.c:143> HRCMP 1778616366 78
[20:06:10] main.c:143> HRCMP 1778616367 78
[20:06:10] main.c:143> HRCMP 1778616367 78
[20:06:11] main.c:143> HRCMP 1778616368 78
[20:06:11] main.c:143> HRCMP 1778616368 78
[20:06:12] main.c:143> HRCMP 1778616369 77
[20:06:12] main.c:143> HRCMP 1778616369 77
[20:06:13] main.c:143> HRCMP 1778616370 75
[20:06:13] main.c:143> HRCMP 1778616370 75
[20:06:14] main.c:143> HRCMP 1778616371 75
[20:06:14] main.c:143> HRCMP 1778616371 75
[20:06:15] main.c:143> HRCMP 1778616372 74
[20:06:15] main.c:143> HRCMP 1778616372 74
[20:06:17] main.c:143> HRCMP 1778616373 74
[20:06:17] main.c:143> HRCMP 1778616373 74
[20:06:17] main.c:143> HRCMP 1778616374 74
[20:06:17] main.c:143> HRCMP 1778616374 74
[20:06:18] main.c:143> HRCMP 1778616375 73
[20:06:18] main.c:143> HRCMP 1778616375 73
[20:06:19] main.c:143> HRCMP 1778616376 73
[20:06:19] main.c:143> HRCMP 1778616376 73
[20:06:21] main.c:143> HRCMP 1778616377 72
[20:06:21] main.c:143> HRCMP 1778616377 72
[20:06:21] main.c:143> HRCMP 1778616378 72
[20:06:21] main.c:143> HRCMP 1778616378 72
[20:06:22] main.c:143> HRCMP 1778616379 73
[20:06:22] main.c:143> HRCMP 1778616379 73
[20:06:23] main.c:143> HRCMP 1778616380 72
[20:06:23] main.c:143> HRCMP 1778616380 72
[20:06:25] main.c:143> HRCMP 1778616381 73
[20:06:25] main.c:143> HRCMP 1778616381 73
[20:06:25] main.c:143> HRCMP 1778616382 73
[20:06:25] main.c:143> HRCMP 1778616382 73
[20:06:26] main.c:143> HRCMP 1778616383 73
[20:06:26] main.c:143> HRCMP 1778616383 73
[20:06:27] main.c:143> HRCMP 1778616384 73
[20:06:27] main.c:143> HRCMP 1778616384 73
[20:06:29] main.c:143> HRCMP 1778616385 75
[20:06:29] main.c:143> HRCMP 1778616385 75
[20:06:29] main.c:143> HRCMP 1778616386 75
[20:06:29] main.c:143> HRCMP 1778616386 75
[20:06:30] main.c:143> HRCMP 1778616387 76
[20:06:30] main.c:143> HRCMP 1778616387 76
[20:06:31] main.c:143> HRCMP 1778616388 76
[20:06:31] main.c:143> HRCMP 1778616388 76
[20:06:33] main.c:143> HRCMP 1778616389 77
[20:06:33] main.c:143> HRCMP 1778616389 77
[20:06:33] main.c:143> HRCMP 1778616390 77
[20:06:33] main.c:143> HRCMP 1778616390 77
[20:06:34] main.c:143> HRCMP 1778616391 76
[20:06:34] main.c:143> HRCMP 1778616391 76
[20:06:35] main.c:143> HRCMP 1778616392 76
[20:06:35] main.c:143> HRCMP 1778616392 76
[20:06:37] main.c:143> HRCMP 1778616393 76
[20:06:37] main.c:143> HRCMP 1778616393 76
[20:06:37] main.c:143> HRCMP 1778616394 75
[20:06:37] main.c:143> HRCMP 1778616394 75
[20:06:38] main.c:143> HRCMP 1778616395 75
[20:06:38] main.c:143> HRCMP 1778616395 75
[20:06:39] main.c:143> HRCMP 1778616396 74
[20:06:39] main.c:143> HRCMP 1778616396 74
[20:06:40] main.c:143> HRCMP 1778616397 74
[20:06:40] main.c:143> HRCMP 1778616397 74
[20:06:41] main.c:143> HRCMP 1778616398 74
[20:06:41] main.c:143> HRCMP 1778616398 74
[20:06:42] main.c:143> HRCMP 1778616399 73
[20:06:42] main.c:143> HRCMP 1778616399 73
[20:06:43] main.c:143> HRCMP 1778616400 73
[20:06:43] main.c:143> HRCMP 1778616400 73
[20:06:44] main.c:143> HRCMP 1778616401 74
[20:06:44] main.c:143> HRCMP 1778616401 74
[20:06:45] main.c:143> HRCMP 1778616402 74
[20:06:45] main.c:143> HRCMP 1778616402 74
[20:06:46] main.c:143> HRCMP 1778616403 75
[20:06:46] main.c:143> HRCMP 1778616403 75
[20:06:47] main.c:143> HRCMP 1778616404 75
[20:06:47] main.c:143> HRCMP 1778616404 75
[20:06:48] main.c:143> HRCMP 1778616405 75
[20:06:48] main.c:143> HRCMP 1778616405 75
[20:06:49] main.c:143> HRCMP 1778616406 76
[20:06:49] main.c:143> HRCMP 1778616406 76
[20:06:50] main.c:143> HRCMP 1778616407 76
[20:06:50] main.c:143> HRCMP 1778616407 76
[20:06:51] main.c:143> HRCMP 1778616408 74
[20:06:51] main.c:143> HRCMP 1778616408 74
[20:06:53] main.c:143> HRCMP 1778616409 75
[20:06:53] main.c:143> HRCMP 1778616409 75
[20:06:53] main.c:143> HRCMP 1778616410 74
[20:06:53] main.c:143> HRCMP 1778616410 74
[20:06:54] main.c:143> HRCMP 1778616411 74
[20:06:54] main.c:143> HRCMP 1778616411 74
[20:06:55] main.c:143> HRCMP 1778616412 74
[20:06:55] main.c:143> HRCMP 1778616412 74
[20:06:57] main.c:143> HRCMP 1778616413 75
[20:06:57] main.c:143> HRCMP 1778616413 75
[20:06:57] main.c:143> HRCMP 1778616414 75
[20:06:57] main.c:143> HRCMP 1778616414 75
[20:06:58] main.c:143> HRCMP 1778616415 75
[20:06:58] main.c:143> HRCMP 1778616415 75
[20:06:59] main.c:143> HRCMP 1778616416 75
[20:06:59] main.c:143> HRCMP 1778616416 75
[20:07:00] main.c:143> HRCMP 1778616417 75
[20:07:00] main.c:143> HRCMP 1778616417 75
[20:07:01] main.c:143> HRCMP 1778616418 74
[20:07:01] main.c:143> HRCMP 1778616418 74
[20:07:02] main.c:143> HRCMP 1778616419 72
[20:07:02] main.c:143> HRCMP 1778616419 72
[20:07:03] main.c:143> HRCMP 1778616420 71
[20:07:03] main.c:143> HRCMP 1778616420 71
[20:07:03] main.c:143> HRCMP 1778616420 71
[20:07:03] main.c:143> HRCMP 1778616420 71
[20:07:03] main.c:143> HRCMP 1778616420 71
[20:07:03] main.c:143> HRCMP 1778616420 71
[20:07:03] pkjs> Glance:107:12) [glance] sent {"WEATHER_TEMP":72,"WEATHER_COND":"Rain"}
[20:07:04] pkjs> Glance:107:12) [glance] sent {"CAL_TITLE":"SQP","CAL_TIME":"10:00a"}
[20:07:04] main.c:143> HRCMP 1778616421 70
[20:07:04] main.c:143> HRCMP 1778616421 70
[20:07:05] main.c:143> HRCMP 1778616422 70
[20:07:05] main.c:143> HRCMP 1778616422 70
[20:07:06] main.c:143> HRCMP 1778616423 69
[20:07:06] main.c:143> HRCMP 1778616423 69
[20:07:07] main.c:143> HRCMP 1778616424 69
[20:07:07] main.c:143> HRCMP 1778616424 69
[20:07:08] main.c:143> HRCMP 1778616425 68
[20:07:08] main.c:143> HRCMP 1778616425 68
[20:07:09] main.c:143> HRCMP 1778616426 69
[20:07:09] main.c:143> HRCMP 1778616426 69
[20:07:10] main.c:143> HRCMP 1778616427 69
[20:07:10] main.c:143> HRCMP 1778616427 69
[20:07:11] main.c:143> HRCMP 1778616428 69
[20:07:11] main.c:143> HRCMP 1778616428 69
[20:07:12] main.c:143> HRCMP 1778616429 69
[20:07:12] main.c:143> HRCMP 1778616429 69
[20:07:13] main.c:143> HRCMP 1778616430 69
[20:07:13] main.c:143> HRCMP 1778616430 69
[20:07:14] main.c:143> HRCMP 1778616431 70
[20:07:14] main.c:143> HRCMP 1778616431 70
[20:07:15] main.c:143> HRCMP 1778616432 70
[20:07:15] main.c:143> HRCMP 1778616432 70
[20:07:16] main.c:143> HRCMP 1778616433 71
[20:07:16] main.c:143> HRCMP 1778616433 71
[20:07:17] main.c:143> HRCMP 1778616434 71
[20:07:17] main.c:143> HRCMP 1778616434 71
[20:07:18] main.c:143> HRCMP 1778616435 72
[20:07:18] main.c:143> HRCMP 1778616435 72
[20:07:19] main.c:143> HRCMP 1778616436 73
[20:07:19] main.c:143> HRCMP 1778616436 73
[20:07:20] main.c:143> HRCMP 1778616437 73
[20:07:20] main.c:143> HRCMP 1778616437 73
[20:07:21] main.c:143> HRCMP 1778616438 72
[20:07:21] main.c:143> HRCMP 1778616438 72
[20:07:22] main.c:143> HRCMP 1778616439 72
[20:07:22] main.c:143> HRCMP 1778616439 72
[20:07:23] main.c:143> HRCMP 1778616440 72
[20:07:23] main.c:143> HRCMP 1778616440 72
[20:07:24] main.c:143> HRCMP 1778616441 71
[20:07:24] main.c:143> HRCMP 1778616441 71
[20:07:25] main.c:143> HRCMP 1778616442 71
[20:07:25] main.c:143> HRCMP 1778616442 71
[20:07:26] main.c:143> HRCMP 1778616443 72
[20:07:26] main.c:143> HRCMP 1778616443 72
[20:07:27] main.c:143> HRCMP 1778616444 73
[20:07:27] main.c:143> HRCMP 1778616444 73
[20:07:29] main.c:143> HRCMP 1778616445 73
[20:07:29] main.c:143> HRCMP 1778616445 73
[20:07:29] main.c:143> HRCMP 1778616446 73
[20:07:29] main.c:143> HRCMP 1778616446 73
[20:07:30] main.c:143> HRCMP 1778616447 73
[20:07:30] main.c:143> HRCMP 1778616447 73
[20:07:31] main.c:143> HRCMP 1778616448 73
[20:07:31] main.c:143> HRCMP 1778616448 73
[20:07:33] main.c:143> HRCMP 1778616449 73
[20:07:33] main.c:143> HRCMP 1778616449 73
[20:07:33] main.c:143> HRCMP 1778616450 72
[20:07:33] main.c:143> HRCMP 1778616450 72
[20:07:34] main.c:143> HRCMP 1778616451 72
[20:07:34] main.c:143> HRCMP 1778616451 72
[20:07:35] main.c:143> HRCMP 1778616452 72
[20:07:35] main.c:143> HRCMP 1778616452 72
[20:07:36] main.c:143> HRCMP 1778616453 73
[20:07:36] main.c:143> HRCMP 1778616453 73
[20:07:37] main.c:143> HRCMP 1778616454 74
[20:07:37] main.c:143> HRCMP 1778616454 74
[20:07:38] main.c:143> HRCMP 1778616455 74
[20:07:38] main.c:143> HRCMP 1778616455 74
[20:07:39] main.c:143> HRCMP 1778616456 74
[20:07:39] main.c:143> HRCMP 1778616456 74
[20:07:40] main.c:143> HRCMP 1778616457 73
[20:07:40] main.c:143> HRCMP 1778616457 73
[20:07:41] main.c:143> HRCMP 1778616458 73
[20:07:41] main.c:143> HRCMP 1778616458 73
[20:07:42] main.c:143> HRCMP 1778616459 71
[20:07:42] main.c:143> HRCMP 1778616459 71
[20:07:43] main.c:143> HRCMP 1778616460 71
[20:07:43] main.c:143> HRCMP 1778616460 71
[20:07:45] main.c:143> HRCMP 1778616461 70
[20:07:45] main.c:143> HRCMP 1778616461 70
[20:07:45] main.c:143> HRCMP 1778616462 70
[20:07:45] main.c:143> HRCMP 1778616462 70
[20:07:46] main.c:143> HRCMP 1778616463 70
[20:07:46] main.c:143> HRCMP 1778616463 70
[20:07:47] main.c:143> HRCMP 1778616464 70
[20:07:47] main.c:143> HRCMP 1778616464 70
[20:07:49] main.c:143> HRCMP 1778616465 70
[20:07:49] main.c:143> HRCMP 1778616465 70
[20:07:49] main.c:143> HRCMP 1778616466 70
[20:07:49] main.c:143> HRCMP 1778616466 70
[20:07:50] main.c:143> HRCMP 1778616467 70
[20:07:50] main.c:143> HRCMP 1778616467 70
[20:07:51] main.c:143> HRCMP 1778616468 70
[20:07:51] main.c:143> HRCMP 1778616468 70
[20:07:53] main.c:143> HRCMP 1778616469 70
[20:07:53] main.c:143> HRCMP 1778616469 70
[20:07:53] main.c:143> HRCMP 1778616470 70
[20:07:53] main.c:143> HRCMP 1778616470 70
[20:07:54] main.c:143> HRCMP 1778616471 71
[20:07:54] main.c:143> HRCMP 1778616471 71
[20:07:55] main.c:143> HRCMP 1778616472 71
[20:07:55] main.c:143> HRCMP 1778616472 71
[20:07:56] main.c:143> HRCMP 1778616473 71
[20:07:56] main.c:143> HRCMP 1778616473 71
[20:07:57] main.c:143> HRCMP 1778616474 71
[20:07:57] main.c:143> HRCMP 1778616474 71
[20:07:58] main.c:143> HRCMP 1778616475 71
[20:07:58] main.c:143> HRCMP 1778616475 71
[20:07:59] main.c:143> HRCMP 1778616476 71
[20:07:59] main.c:143> HRCMP 1778616476 71
[20:08:00] main.c:143> HRCMP 1778616477 71
[20:08:00] main.c:143> HRCMP 1778616477 71
[20:08:01] main.c:143> HRCMP 1778616478 70
[20:08:01] main.c:143> HRCMP 1778616478 70
[20:08:02] main.c:143> HRCMP 1778616479 70
[20:08:02] main.c:143> HRCMP 1778616479 70
[20:08:03] main.c:143> HRCMP 1778616480 71
[20:08:03] main.c:143> HRCMP 1778616480 71
[20:08:04] main.c:143> HRCMP 1778616480 71
[20:08:04] main.c:143> HRCMP 1778616480 71
[20:08:04] main.c:143> HRCMP 1778616480 71
[20:08:04] main.c:143> HRCMP 1778616480 71
[20:08:04] pkjs> Glance:107:12) [glance] sent {"WEATHER_TEMP":72,"WEATHER_COND":"Rain"}
[20:08:04] main.c:143> HRCMP 1778616481 71
[20:08:04] main.c:143> HRCMP 1778616481 71
[20:08:05] pkjs> Glance:107:12) [glance] sent {"CAL_TITLE":"SQP","CAL_TIME":"10:00a"}
[20:08:05] main.c:143> HRCMP 1778616482 71
[20:08:05] main.c:143> HRCMP 1778616482 71
[20:08:06] main.c:143> HRCMP 1778616483 71
[20:08:06] main.c:143> HRCMP 1778616483 71
[20:08:07] main.c:143> HRCMP 1778616484 70
[20:08:07] main.c:143> HRCMP 1778616484 70
[20:08:08] main.c:143> HRCMP 1778616485 70
[20:08:08] main.c:143> HRCMP 1778616485 70
[20:08:09] main.c:143> HRCMP 1778616486 69
[20:08:09] main.c:143> HRCMP 1778616486 69
[20:08:10] main.c:143> HRCMP 1778616487 68
[20:08:10] main.c:143> HRCMP 1778616487 68
[20:08:11] main.c:143> HRCMP 1778616488 68
[20:08:11] main.c:143> HRCMP 1778616488 68
[20:08:12] main.c:143> HRCMP 1778616489 68
[20:08:12] main.c:143> HRCMP 1778616489 68
[20:08:13] main.c:143> HRCMP 1778616490 68
[20:08:13] main.c:143> HRCMP 1778616490 68
[20:08:14] main.c:143> HRCMP 1778616491 69
[20:08:14] main.c:143> HRCMP 1778616491 69
[20:08:15] main.c:143> HRCMP 1778616492 69
[20:08:15] main.c:143> HRCMP 1778616492 69
[20:08:16] main.c:143> HRCMP 1778616493 70
[20:08:16] main.c:143> HRCMP 1778616493 70
[20:08:17] main.c:143> HRCMP 1778616494 70
[20:08:17] main.c:143> HRCMP 1778616494 70
[20:08:18] main.c:143> HRCMP 1778616495 69
[20:08:18] main.c:143> HRCMP 1778616495 69
[20:08:19] main.c:143> HRCMP 1778616496 69
[20:08:19] main.c:143> HRCMP 1778616496 69
[20:08:21] main.c:143> HRCMP 1778616497 69
[20:08:21] main.c:143> HRCMP 1778616497 69
[20:08:21] main.c:143> HRCMP 1778616498 68
[20:08:21] main.c:143> HRCMP 1778616498 68
[20:08:22] main.c:143> HRCMP 1778616499 68
[20:08:22] main.c:143> HRCMP 1778616499 68
[20:08:23] main.c:143> HRCMP 1778616500 68
[20:08:23] main.c:143> HRCMP 1778616500 68
[20:08:24] main.c:143> HRCMP 1778616501 68
[20:08:24] main.c:143> HRCMP 1778616501 68
[20:08:25] main.c:143> HRCMP 1778616502 70
[20:08:25] main.c:143> HRCMP 1778616502 70
[20:08:26] main.c:143> HRCMP 1778616503 71
[20:08:26] main.c:143> HRCMP 1778616503 71
[20:08:27] main.c:143> HRCMP 1778616504 72
[20:08:27] main.c:143> HRCMP 1778616504 72
[20:08:28] main.c:143> HRCMP 1778616505 73
[20:08:29] main.c:143> HRCMP 1778616505 73
[20:08:29] main.c:143> HRCMP 1778616506 73
[20:08:29] main.c:143> HRCMP 1778616506 73
[20:08:30] main.c:143> HRCMP 1778616507 73
[20:08:30] main.c:143> HRCMP 1778616507 73
[20:08:31] main.c:143> HRCMP 1778616508 73
[20:08:31] main.c:143> HRCMP 1778616508 73
[20:08:32] main.c:143> HRCMP 1778616509 74
[20:08:32] main.c:143> HRCMP 1778616509 74
[20:08:33] main.c:143> HRCMP 1778616510 74
[20:08:33] main.c:143> HRCMP 1778616510 74
[20:08:34] main.c:143> HRCMP 1778616511 74
[20:08:34] main.c:143> HRCMP 1778616511 74
[20:08:35] main.c:143> HRCMP 1778616512 74
[20:08:35] main.c:143> HRCMP 1778616512 74
[20:08:36] main.c:143> HRCMP 1778616513 74
[20:08:36] main.c:143> HRCMP 1778616513 74
[20:08:37] main.c:143> HRCMP 1778616514 75
[20:08:37] main.c:143> HRCMP 1778616514 75
[20:08:38] main.c:143> HRCMP 1778616515 75
[20:08:38] main.c:143> HRCMP 1778616515 75
[20:08:39] main.c:143> HRCMP 1778616516 75
[20:08:39] main.c:143> HRCMP 1778616516 75
[20:08:40] main.c:143> HRCMP 1778616517 76
[20:08:40] main.c:143> HRCMP 1778616517 76
[20:08:41] main.c:143> HRCMP 1778616518 77
[20:08:41] main.c:143> HRCMP 1778616518 77
[20:08:42] main.c:143> HRCMP 1778616519 75
[20:08:42] main.c:143> HRCMP 1778616519 75
[20:08:43] main.c:143> HRCMP 1778616520 75
[20:08:43] main.c:143> HRCMP 1778616520 75
[20:08:44] main.c:143> HRCMP 1778616521 75
[20:08:44] main.c:143> HRCMP 1778616521 75
[20:08:45] main.c:143> HRCMP 1778616522 74
[20:08:45] main.c:143> HRCMP 1778616522 74
[20:08:46] main.c:143> HRCMP 1778616523 73
[20:08:46] main.c:143> HRCMP 1778616523 73
[20:08:47] main.c:143> HRCMP 1778616524 74
[20:08:47] main.c:143> HRCMP 1778616524 74
[20:08:48] main.c:143> HRCMP 1778616525 74
[20:08:48] main.c:143> HRCMP 1778616525 74
[20:08:49] main.c:143> HRCMP 1778616526 74
[20:08:49] main.c:143> HRCMP 1778616526 74
[20:08:50] main.c:143> HRCMP 1778616527 74
[20:08:50] main.c:143> HRCMP 1778616527 74
[20:08:51] main.c:143> HRCMP 1778616528 74
[20:08:51] main.c:143> HRCMP 1778616528 74
[20:08:53] main.c:143> HRCMP 1778616529 73
[20:08:53] main.c:143> HRCMP 1778616529 73
[20:08:53] main.c:143> HRCMP 1778616530 73
[20:08:53] main.c:143> HRCMP 1778616530 73
[20:08:54] main.c:143> HRCMP 1778616531 73
[20:08:54] main.c:143> HRCMP 1778616531 73
[20:08:55] main.c:143> HRCMP 1778616532 72
[20:08:55] main.c:143> HRCMP 1778616532 72
[20:08:56] main.c:143> HRCMP 1778616533 72
[20:08:56] main.c:143> HRCMP 1778616533 72
[20:08:57] main.c:143> HRCMP 1778616534 72
[20:08:57] main.c:143> HRCMP 1778616534 72
[20:08:58] main.c:143> HRCMP 1778616535 72
[20:08:58] main.c:143> HRCMP 1778616535 72
[20:08:59] main.c:143> HRCMP 1778616536 72
[20:08:59] main.c:143> HRCMP 1778616536 72
[20:09:00] main.c:143> HRCMP 1778616537 72
[20:09:00] main.c:143> HRCMP 1778616537 72
[20:09:01] main.c:143> HRCMP 1778616538 72
[20:09:01] main.c:143> HRCMP 1778616538 72
[20:09:02] main.c:143> HRCMP 1778616539 72
[20:09:02] main.c:143> HRCMP 1778616539 72
[20:09:03] main.c:143> HRCMP 1778616540 73
[20:09:03] main.c:143> HRCMP 1778616540 73
[20:09:04] main.c:143> HRCMP 1778616540 73
[20:09:04] main.c:143> HRCMP 1778616540 73
[20:09:04] main.c:143> HRCMP 1778616540 73
[20:09:04] main.c:143> HRCMP 1778616540 73
[20:09:04] pkjs> Glance:107:12) [glance] sent {"WEATHER_TEMP":72,"WEATHER_COND":"Rain"}
[20:09:04] main.c:143> HRCMP 1778616541 74
[20:09:04] main.c:143> HRCMP 1778616541 74
[20:09:04] pkjs> Glance:107:12) [glance] sent {"CAL_TITLE":"SQP","CAL_TIME":"10:00a"}
[20:09:05] main.c:143> HRCMP 1778616542 75
[20:09:05] main.c:143> HRCMP 1778616542 75
[20:09:06] main.c:143> HRCMP 1778616543 76
[20:09:06] main.c:143> HRCMP 1778616543 76
[20:09:07] main.c:143> HRCMP 1778616544 76
[20:09:07] main.c:143> HRCMP 1778616544 76
[20:09:08] main.c:143> HRCMP 1778616545 76
[20:09:08] main.c:143> HRCMP 1778616545 76
[20:09:09] main.c:143> HRCMP 1778616546 75
[20:09:09] main.c:143> HRCMP 1778616546 75
[20:09:10] main.c:143> HRCMP 1778616547 75
[20:09:10] main.c:143> HRCMP 1778616547 75
[20:09:11] main.c:143> HRCMP 1778616548 74
[20:09:11] main.c:143> HRCMP 1778616548 74
[20:09:12] main.c:143> HRCMP 1778616549 74
[20:09:12] main.c:143> HRCMP 1778616549 74
[20:09:13] main.c:143> HRCMP 1778616550 74
[20:09:13] main.c:143> HRCMP 1778616550 74
[20:09:14] main.c:143> HRCMP 1778616551 74
[20:09:14] main.c:143> HRCMP 1778616551 74
[20:09:15] main.c:143> HRCMP 1778616552 74
[20:09:15] main.c:143> HRCMP 1778616552 74
[20:09:16] main.c:143> HRCMP 1778616553 74
[20:09:16] main.c:143> HRCMP 1778616553 74
[20:09:17] main.c:143> HRCMP 1778616554 74
[20:09:17] main.c:143> HRCMP 1778616554 74
[20:09:18] main.c:143> HRCMP 1778616555 73
[20:09:18] main.c:143> HRCMP 1778616555 73
[20:09:19] main.c:143> HRCMP 1778616556 72
[20:09:19] main.c:143> HRCMP 1778616556 72
[20:09:20] main.c:143> HRCMP 1778616557 72
[20:09:20] main.c:143> HRCMP 1778616557 72
[20:09:21] main.c:143> HRCMP 1778616558 72
[20:09:21] main.c:143> HRCMP 1778616558 72
[20:09:22] main.c:143> HRCMP 1778616559 71
[20:09:22] main.c:143> HRCMP 1778616559 71
[20:09:23] main.c:143> HRCMP 1778616560 71
[20:09:23] main.c:143> HRCMP 1778616560 71
[20:09:24] main.c:143> HRCMP 1778616561 71
[20:09:24] main.c:143> HRCMP 1778616561 71
[20:09:25] main.c:143> HRCMP 1778616562 71
[20:09:25] main.c:143> HRCMP 1778616562 71
[20:09:26] main.c:143> HRCMP 1778616563 71
[20:09:26] main.c:143> HRCMP 1778616563 71
[20:09:27] main.c:143> HRCMP 1778616564 70
[20:09:27] main.c:143> HRCMP 1778616564 70
[20:09:28] main.c:143> HRCMP 1778616565 70
[20:09:28] main.c:143> HRCMP 1778616565 70
[20:09:29] main.c:143> HRCMP 1778616566 70
[20:09:29] main.c:143> HRCMP 1778616566 70
[20:09:30] main.c:143> HRCMP 1778616567 70
[20:09:30] main.c:143> HRCMP 1778616567 70
[20:09:31] main.c:143> HRCMP 1778616568 70
[20:09:31] main.c:143> HRCMP 1778616568 70
[20:09:32] main.c:143> HRCMP 1778616569 70
[20:09:32] main.c:143> HRCMP 1778616569 70
[20:09:33] main.c:143> HRCMP 1778616570 70
[20:09:33] main.c:143> HRCMP 1778616570 70
[20:09:34] main.c:143> HRCMP 1778616571 70
[20:09:34] main.c:143> HRCMP 1778616571 70
[20:09:35] main.c:143> HRCMP 1778616572 70
[20:09:35] main.c:143> HRCMP 1778616572 70
[20:09:37] main.c:143> HRCMP 1778616573 70
[20:09:37] main.c:143> HRCMP 1778616573 70
[20:09:37] main.c:143> HRCMP 1778616574 69
[20:09:37] main.c:143> HRCMP 1778616574 69
[20:09:38] main.c:143> HRCMP 1778616575 69
[20:09:38] main.c:143> HRCMP 1778616575 69
[20:09:39] main.c:143> HRCMP 1778616576 69
[20:09:39] main.c:143> HRCMP 1778616576 69
[20:09:40] main.c:143> HRCMP 1778616577 69
[20:09:40] main.c:143> HRCMP 1778616577 69
[20:09:41] main.c:143> HRCMP 1778616578 69
[20:09:41] main.c:143> HRCMP 1778616578 69
[20:09:42] main.c:143> HRCMP 1778616579 69
[20:09:42] main.c:143> HRCMP 1778616579 69
[20:09:43] main.c:143> HRCMP 1778616580 70
[20:09:43] main.c:143> HRCMP 1778616580 70
[20:09:44] main.c:143> HRCMP 1778616581 71
[20:09:44] main.c:143> HRCMP 1778616581 71
[20:09:45] main.c:143> HRCMP 1778616582 72
[20:09:45] main.c:143> HRCMP 1778616582 72
[20:09:46] main.c:143> HRCMP 1778616583 72
[20:09:46] main.c:143> HRCMP 1778616583 72
[20:09:47] main.c:143> HRCMP 1778616584 72
[20:09:47] main.c:143> HRCMP 1778616584 72
[20:09:48] main.c:143> HRCMP 1778616585 73
[20:09:48] main.c:143> HRCMP 1778616585 73
[20:09:49] main.c:143> HRCMP 1778616586 73
[20:09:49] main.c:143> HRCMP 1778616586 73
[20:09:50] main.c:143> HRCMP 1778616587 73
[20:09:50] main.c:143> HRCMP 1778616587 73
[20:09:51] main.c:143> HRCMP 1778616588 73
[20:09:51] main.c:143> HRCMP 1778616588 73
[20:09:52] main.c:143> HRCMP 1778616589 72
[20:09:52] main.c:143> HRCMP 1778616589 72
[20:09:53] main.c:143> HRCMP 1778616590 72
[20:09:53] main.c:143> HRCMP 1778616590 72
[20:09:54] main.c:143> HRCMP 1778616591 72
[20:09:54] main.c:143> HRCMP 1778616591 72
[20:09:55] main.c:143> HRCMP 1778616592 72
[20:09:55] main.c:143> HRCMP 1778616592 72
[20:09:56] main.c:143> HRCMP 1778616593 72
[20:09:56] main.c:143> HRCMP 1778616593 72
[20:09:57] main.c:143> HRCMP 1778616594 73
[20:09:57] main.c:143> HRCMP 1778616594 73
[20:09:58] main.c:143> HRCMP 1778616595 73
[20:09:58] main.c:143> HRCMP 1778616595 73
[20:09:59] main.c:143> HRCMP 1778616596 73
[20:09:59] main.c:143> HRCMP 1778616596 73
[20:10:00] main.c:143> HRCMP 1778616597 74
[20:10:00] main.c:143> HRCMP 1778616597 74
[20:10:01] main.c:143> HRCMP 1778616598 74
[20:10:01] main.c:143> HRCMP 1778616598 74
[20:10:02] main.c:143> HRCMP 1778616599 74
[20:10:02] main.c:143> HRCMP 1778616599 74
[20:10:03] main.c:143> HRCMP 1778616600 74
[20:10:03] main.c:143> HRCMP 1778616600 74
[20:10:03] main.c:143> HRCMP 1778616600 74
[20:10:03] main.c:143> HRCMP 1778616600 74
[20:10:03] main.c:143> HRCMP 1778616600 74
[20:10:03] main.c:143> HRCMP 1778616600 74
[20:10:04] pkjs> Glance:107:12) [glance] sent {"WEATHER_TEMP":72,"WEATHER_COND":"Rain"}
[20:10:04] pkjs> Glance:107:12) [glance] sent {"CAL_TITLE":"SQP","CAL_TIME":"10:00a"}
[20:10:04] main.c:143> HRCMP 1778616601 75
[20:10:04] main.c:143> HRCMP 1778616601 75
[20:10:05] main.c:143> HRCMP 1778616602 75
[20:10:05] main.c:143> HRCMP 1778616602 75
[20:10:06] main.c:143> HRCMP 1778616603 75
[20:10:06] main.c:143> HRCMP 1778616603 75
[20:10:07] main.c:143> HRCMP 1778616604 75
[20:10:07] main.c:143> HRCMP 1778616604 75
[20:10:08] main.c:143> HRCMP 1778616605 75
[20:10:08] main.c:143> HRCMP 1778616605 75
[20:10:09] main.c:143> HRCMP 1778616606 75
[20:10:09] main.c:143> HRCMP 1778616606 75
[20:10:10] main.c:143> HRCMP 1778616607 74
[20:10:10] main.c:143> HRCMP 1778616607 74
[20:10:11] main.c:143> HRCMP 1778616608 73
[20:10:11] main.c:143> HRCMP 1778616608 73
[20:10:12] main.c:143> HRCMP 1778616609 72
[20:10:12] main.c:143> HRCMP 1778616609 72
[20:10:13] main.c:143> HRCMP 1778616610 73
[20:10:13] main.c:143> HRCMP 1778616610 73
[20:10:14] main.c:143> HRCMP 1778616611 73
[20:10:14] main.c:143> HRCMP 1778616611 73
[20:10:15] main.c:143> HRCMP 1778616612 74
[20:10:15] main.c:143> HRCMP 1778616612 74
[20:10:16] main.c:143> HRCMP 1778616613 74
[20:10:16] main.c:143> HRCMP 1778616613 74
[20:10:17] main.c:143> HRCMP 1778616614 74
[20:10:17] main.c:143> HRCMP 1778616614 74
[20:10:18] main.c:143> HRCMP 1778616615 74
[20:10:18] main.c:143> HRCMP 1778616615 74
[20:10:19] main.c:143> HRCMP 1778616616 73
[20:10:19] main.c:143> HRCMP 1778616616 73
[20:10:20] main.c:143> HRCMP 1778616617 73
[20:10:20] main.c:143> HRCMP 1778616617 73
[20:10:21] main.c:143> HRCMP 1778616618 72
[20:10:21] main.c:143> HRCMP 1778616618 72
[20:10:22] main.c:143> HRCMP 1778616619 72
[20:10:22] main.c:143> HRCMP 1778616619 72
[20:10:23] main.c:143> HRCMP 1778616620 72
[20:10:23] main.c:143> HRCMP 1778616620 72
[20:10:24] main.c:143> HRCMP 1778616621 72
[20:10:24] main.c:143> HRCMP 1778616621 72
[20:10:25] main.c:143> HRCMP 1778616622 72
[20:10:25] main.c:143> HRCMP 1778616622 72
[20:10:26] main.c:143> HRCMP 1778616623 72
[20:10:26] main.c:143> HRCMP 1778616623 72
[20:10:27] main.c:143> HRCMP 1778616624 72
[20:10:27] main.c:143> HRCMP 1778616624 72
[20:10:29] main.c:143> HRCMP 1778616625 72
[20:10:29] main.c:143> HRCMP 1778616625 72
[20:10:29] main.c:143> HRCMP 1778616626 71
[20:10:29] main.c:143> HRCMP 1778616626 71
[20:10:30] main.c:143> HRCMP 1778616627 72
[20:10:30] main.c:143> HRCMP 1778616627 72
[20:10:31] main.c:143> HRCMP 1778616628 71
[20:10:31] main.c:143> HRCMP 1778616628 71
[20:10:32] main.c:143> HRCMP 1778616629 71
[20:10:32] main.c:143> HRCMP 1778616629 71
[20:10:33] main.c:143> HRCMP 1778616630 70
[20:10:33] main.c:143> HRCMP 1778616630 70
[20:10:34] main.c:143> HRCMP 1778616631 71
[20:10:34] main.c:143> HRCMP 1778616631 71
[20:10:35] main.c:143> HRCMP 1778616632 71
[20:10:35] main.c:143> HRCMP 1778616632 71
[20:10:36] main.c:143> HRCMP 1778616633 71
[20:10:36] main.c:143> HRCMP 1778616633 71
[20:10:37] main.c:143> HRCMP 1778616634 71
[20:10:37] main.c:143> HRCMP 1778616634 71
[20:10:38] main.c:143> HRCMP 1778616635 71
[20:10:38] main.c:143> HRCMP 1778616635 71
[20:10:39] main.c:143> HRCMP 1778616636 71
[20:10:39] main.c:143> HRCMP 1778616636 71
[20:10:40] main.c:143> HRCMP 1778616637 71
[20:10:40] main.c:143> HRCMP 1778616637 71
[20:10:41] main.c:143> HRCMP 1778616638 71
[20:10:41] main.c:143> HRCMP 1778616638 71
[20:10:42] main.c:143> HRCMP 1778616639 72
[20:10:42] main.c:143> HRCMP 1778616639 72
[20:10:43] main.c:143> HRCMP 1778616640 73
[20:10:43] main.c:143> HRCMP 1778616640 73
[20:10:44] main.c:143> HRCMP 1778616641 74
[20:10:44] main.c:143> HRCMP 1778616641 74
[20:10:45] main.c:143> HRCMP 1778616642 74
[20:10:45] main.c:143> HRCMP 1778616642 74
[20:10:46] main.c:143> HRCMP 1778616643 74
[20:10:46] main.c:143> HRCMP 1778616643 74
[20:10:47] main.c:143> HRCMP 1778616644 73
[20:10:47] main.c:143> HRCMP 1778616644 73
[20:10:48] main.c:143> HRCMP 1778616645 73
[20:10:48] main.c:143> HRCMP 1778616645 73
[20:10:49] main.c:143> HRCMP 1778616646 73
[20:10:49] main.c:143> HRCMP 1778616646 73
[20:10:50] main.c:143> HRCMP 1778616647 73
[20:10:50] main.c:143> HRCMP 1778616647 73
[20:10:51] main.c:143> HRCMP 1778616648 73
[20:10:51] main.c:143> HRCMP 1778616648 73
[20:10:52] main.c:143> HRCMP 1778616649 72
[20:10:52] main.c:143> HRCMP 1778616649 72
[20:10:53] main.c:143> HRCMP 1778616650 72
[20:10:53] main.c:143> HRCMP 1778616650 72
[20:10:54] main.c:143> HRCMP 1778616651 72
[20:10:54] main.c:143> HRCMP 1778616651 72
[20:10:55] main.c:143> HRCMP 1778616652 71
[20:10:55] main.c:143> HRCMP 1778616652 71
[20:10:56] main.c:143> HRCMP 1778616653 72
[20:10:56] main.c:143> HRCMP 1778616653 72
[20:10:57] main.c:143> HRCMP 1778616654 72
[20:10:57] main.c:143> HRCMP 1778616654 72
[20:10:58] main.c:143> HRCMP 1778616655 72
[20:10:58] main.c:143> HRCMP 1778616655 72
[20:10:59] main.c:143> HRCMP 1778616656 72
[20:10:59] main.c:143> HRCMP 1778616656 72
[20:11:00] main.c:143> HRCMP 1778616657 72
[20:11:00] main.c:143> HRCMP 1778616657 72
[20:11:01] main.c:143> HRCMP 1778616658 72
[20:11:01] main.c:143> HRCMP 1778616658 72
[20:11:02] main.c:143> HRCMP 1778616659 72
[20:11:02] main.c:143> HRCMP 1778616659 72
[20:11:03] main.c:143> HRCMP 1778616660 71
[20:11:03] main.c:143> HRCMP 1778616660 71
[20:11:03] main.c:143> HRCMP 1778616660 71
[20:11:03] main.c:143> HRCMP 1778616660 71
[20:11:03] main.c:143> HRCMP 1778616660 71
[20:11:03] main.c:143> HRCMP 1778616660 71
[20:11:04] pkjs> Glance:107:12) [glance] sent {"WEATHER_TEMP":72,"WEATHER_COND":"Rain"}
[20:11:04] main.c:143> HRCMP 1778616661 71
[20:11:04] main.c:143> HRCMP 1778616661 71
[20:11:05] pkjs> Glance:107:12) [glance] sent {"CAL_TITLE":"SQP","CAL_TIME":"10:00a"}
[20:11:05] main.c:143> HRCMP 1778616662 71
[20:11:05] main.c:143> HRCMP 1778616662 71
[20:11:06] main.c:143> HRCMP 1778616663 72
[20:11:06] main.c:143> HRCMP 1778616663 72
[20:11:07] main.c:143> HRCMP 1778616664 71
[20:11:07] main.c:143> HRCMP 1778616664 71
[20:11:08] main.c:143> HRCMP 1778616665 72
[20:11:08] main.c:143> HRCMP 1778616665 72
[20:11:09] main.c:143> HRCMP 1778616666 72
[20:11:09] main.c:143> HRCMP 1778616666 72
[20:11:10] main.c:143> HRCMP 1778616667 72
[20:11:10] main.c:143> HRCMP 1778616667 72
[20:11:11] main.c:143> HRCMP 1778616668 71
[20:11:11] main.c:143> HRCMP 1778616668 71
[20:11:12] main.c:143> HRCMP 1778616669 71
[20:11:12] main.c:143> HRCMP 1778616669 71
[20:11:13] main.c:143> HRCMP 1778616670 71
[20:11:13] main.c:143> HRCMP 1778616670 71
[20:11:14] main.c:143> HRCMP 1778616671 71
[20:11:14] main.c:143> HRCMP 1778616671 71
[20:11:15] main.c:143> HRCMP 1778616672 71
[20:11:15] main.c:143> HRCMP 1778616672 71
[20:11:16] main.c:143> HRCMP 1778616673 71
[20:11:16] main.c:143> HRCMP 1778616673 71
[20:11:17] main.c:143> HRCMP 1778616674 70
[20:11:17] main.c:143> HRCMP 1778616674 70
[20:11:18] main.c:143> HRCMP 1778616675 70
[20:11:18] main.c:143> HRCMP 1778616675 70
[20:11:19] main.c:143> HRCMP 1778616676 70
[20:11:19] main.c:143> HRCMP 1778616676 70
[20:11:20] main.c:143> HRCMP 1778616677 71
[20:11:20] main.c:143> HRCMP 1778616677 71
[20:11:21] main.c:143> HRCMP 1778616678 71
[20:11:21] main.c:143> HRCMP 1778616678 71
[20:11:22] main.c:143> HRCMP 1778616679 71
[20:11:22] main.c:143> HRCMP 1778616679 71
[20:11:23] main.c:143> HRCMP 1778616680 71
[20:11:23] main.c:143> HRCMP 1778616680 71
[20:11:24] main.c:143> HRCMP 1778616681 71
[20:11:24] main.c:143> HRCMP 1778616681 71
[20:11:25] main.c:143> HRCMP 1778616682 71
[20:11:25] main.c:143> HRCMP 1778616682 71
[20:11:26] main.c:143> HRCMP 1778616683 71
[20:11:26] main.c:143> HRCMP 1778616683 71
[20:11:27] main.c:143> HRCMP 1778616684 71
[20:11:27] main.c:143> HRCMP 1778616684 71
[20:11:28] main.c:143> HRCMP 1778616685 72
[20:11:28] main.c:143> HRCMP 1778616685 72
[20:11:29] main.c:143> HRCMP 1778616686 72
[20:11:29] main.c:143> HRCMP 1778616686 72
